AssetName, MemCost.Asset, MemCost.Inst, Tgt MemCost.Asset, Tgt MemCost.Inst
/CRD_Accolades/SetupAssets/PID_CP_Devices_Accolades, 572254, 39200, 572254, 39200
/CRD_Analytic/SetupAssets/PID_CP_Devices_Analytic, 152204, 28000, 152204, 28000
/CRD_ArmoredBattleBusSpawner/SetupAssets/PID_CP_Devices_ArmoredBattleBusSpawner, 22713662, 29987, 22713662, 29987
/CRD_Campfire/SetupAssets/PID_CP_Devices_Campfire, 1600802, 75524, 1600802, 75524
/CRD_Chair/SetupAssets/ID/PID_CP_Devices_Chair, 735623, 35220, 735623, 35220
/CRD_Chair/SetupAssets/Playset/PID_PG_CD_Chairs, 735623, 246540, 735623, 246540
/CRD_ChannelManager/SetupAssets/PID_Creative_TriggerManager, 1935514, 44128, 1935514, 44128
/CRD_Clapboard/SetupAssets/PID_CP_Devices_Clapboard, 290512, 19688, 290512, 19688
/CRD_Crashpad/SetupAssets/PID_CP_Devices_Crashpad, 3875629, 40968, 3875629, 40968
/CRD_DBNO/SetupAssets/PID_Devices_DBNO, 1363867, 42344, 1363867, 42344
/CRD_EmoteController/SetupAssets/PID_CP_Devices_EmoteController, 89006, 28768, 89006, 28768
/CRD_Firefly_Spawner/SetupAssets/PID_FireflySpawner, 2190552, 31792, 2190552, 31792
/CRD_FishingZone/SetupAssets/PID_Device_FishingZone, 15556117, 16593, 15556117, 16593
/CRD_FocusDevice/SetupAssets/ID/PID_CP_Device_CameraFocus, 292607, 30768, 292607, 30768
/CRD_GameEnd/SetupAssets/PID_CP_Devices_EndGame, 1977059, 31152, 1977059, 31152
/CRD_GlobalSaveData/SetupAssets/PID_Devices_GlobalSaveData, 604615, 45460, 604615, 45460
/CRD_GravityGunController/SetupAssets/PID_Device_GravityGunController, 202764, 20192, 202764, 20192
/CRD_HealPowerup/SetupAssets/PID_CP_Devices_HealPowerup, 1367216, 30986, 1367216, 30986
/CRD_HenchmanSpawner/SetupAssets/PID_Device_HenchmanSpawner, 5105616, 131504, 5105616, 131504
/CRD_HoagieSpawner/SetupAssets/PID_Device_Hoagie_Spawner, 16978312, 26015, 16978312, 26015
/CRD_HUDController/SetupAssets/PID_Device_HUDController, 183354, 11280, 183354, 11280
/CRD_ItemRemover/SetupAssets/PID_Devices_ItemRemover, 1661485, 54648, 1661485, 54648
/CRD_LevelInstance/SetupAssets/PID_CP_Devices_LevelInstance, 436570, 17724, 436570, 17724
/CRD_LlamatronV2/SetupAssets/PID_Device_Llamatron, 1300555, 39680, 1300555, 39680
/CRD_Mannequin/SetupAssets/PID_CP_Character_Device_Controller, 568746, 25786, 568746, 25786
/CRD_Mannequin/SetupAssets/PID_CP_Devices_Mannequin, 532648, 68032, 532648, 68032
/CRD_Mannequin/SetupAssets/PID_CP_Devices_MannequinStore, 5250000, 5000000, 5250000, 5000000
/CRD_Melee/SetupAssets/PID_Device_MeleeDesigner, 19483560, 52318, 19483560, 52318
/CRD_Melee/SetupAssets/PID_Device_MeleeModifier, 19443958, 50936, 19443958, 50936
/CRD_ModalDialog/SetupAssets/PID_Device_ModalDialog, 421428, 43624, 421428, 43624
/CRD_MountedAntiVehicleTurret/SetupAssets/PID_CP_Devices_MountedAntiVehicleTurret, 8059507, 36983, 8059507, 36983
/CRD_MountedCannon/SetupAssets/PID_CP_Devices_MountedCannon, 21245230, 36983, 21245230, 36983
/CRD_NevadaSpawner/SetupAssets/PID_Device_Nevada_Spawner, 19725558, 37375, 19725558, 37375
/CRD_Papaya_Dance_Mannequin/SetupAssets/PID_CP_Device_Dance_Capture, 8371323, 18544, 8371323, 18544
/CRD_Papaya_Dance_Mannequin/SetupAssets/PID_CP_Device_Papaya_Dance_Mannequin, 12089572, 78852, 12089572, 78852
/CRD_PhoneBooth/SetupAssets/PID_CP_Device_PhoneBooth, 2533271, 53493, 2533271, 53493
/CRD_PlayerCheckpointProp/SetupAssets/PID_CP_Devices_CheckPoint, 3176707, 93770, 3176707, 93770
/CRD_PlayerCounter/SetupAssets/PID_CP_Devices_PlayerCounter, 1304916, 69164, 1304916, 69164
/CRD_PlayerRef/SetupAssets/PID_CP_Devices_PlayerReference, 885327, 75868, 885327, 75868
/CRD_PlayerSpawn/ItemDefinitions/PID_CP_Devices_PlayerSpawner, 2875597, 64900, 2875597, 64900
/CRD_PointLight/SetupAssets/PID_CP_Devices_PointLight, 461344, 55752, 461344, 55752
/CRD_PropManipulationDevice/SetupAssets/PID_CP_Device_PropManipulation, 2929842, 85394, 2929842, 85394
/CRD_PropMover/SetupAssets/PID_CP_Devices_PropMover, 178447, 72944, 178447, 72944
/CRD_RacingCheckpoint/SetupAssets/ID/PID_Device_RaceCheckpoint, 3263231, 41740, 3263231, 41740
/CRD_RacingCheckpoint/SetupAssets/Manager/ID/PID_Device_RaceManager, 3263231, 30504, 3263231, 30504
/CRD_RealTimeClock/SetupAssets/PID_CP_Devices_RealTimeClock, 340807, 36214, 340807, 36214
/CRD_SavePoint/SetupAssets/PID_CP_Devices_SavePoint, 1175986, 19208, 1175986, 19208
/CRD_SentryDevice/SetupAssets/Creative_Device_SentryProp, 2737619, 92244, 2737619, 92244
/CRD_SkydomeDevice/SetupAssets/PID_CP_Devices_Skydome, 1498511, 54440, 1498511, 54440
/CRD_StageLight/SetupAssets/PID_StageLight, 875454, 69372, 875454, 69372
/CRD_Store/SetupAssets/PID_CP_Devices_Store, 7779112, 18898, 7779112, 18898
/CRD_StreamingRadio/SetupAssets/PID_CP_Device_StreamingRadio, 718124, 33522, 718124, 33522
/CRD_SupplyDropSpawner/SetupAssets/PID_CreativeSupplyDropSpawner, 3511305, 68976, 3511305, 68976
/CRD_Switch/SetupAssets/PID_Devices_Switch, 699560, 55732, 699560, 55732
/CRD_TankSpawner/SetupAssets/PID_CP_Devices_TankSpawner, 22480134, 37203, 22480134, 37203
/CRD_ThrowingToy/SetupAssets/ID/PID_CP_Devices_ThrowingToy, 676308, 32544, 676308, 32544
/CRD_VehicleSpawners/SetupAssets/ATK/PID_Device_ATK_Spawner, 25307796, 37227, 25307796, 37227
/CRD_VehicleSpawners/SetupAssets/Baller/PID_Device_Baller_Spawner, 8191167, 427503, 8191167, 427503
/CRD_VehicleSpawners/SetupAssets/BasicCar/PID_Device_BasicCar_Spawner, 1006161, 426671, 1006161, 426671
/CRD_VehicleSpawners/SetupAssets/BasicTruck/PID_Device_BasicTruck_Spawner, 28492568, 426671, 28492568, 426671
/CRD_VehicleSpawners/SetupAssets/BigRig/PID_Device_BigRig_Spawner, 25518358, 31119, 25518358, 31119
/CRD_VehicleSpawners/SetupAssets/Biplane/PID_Device_Biplane_Spawner, 15948793, 427575, 15948793, 427575
/CRD_VehicleSpawners/SetupAssets/Cannon/PID_Device_Cannon_Spawner, 8772131, 37307, 8772131, 37307
/CRD_VehicleSpawners/SetupAssets/DriftBoard/PID_Device_Driftboard_Spawner, 8741597, 427503, 8741597, 427503
/CRD_VehicleSpawners/SetupAssets/MotorBoat/PID_Device_Boat_Spawner, 14695364, 427503, 14695364, 427503
/CRD_VehicleSpawners/SetupAssets/Quadcrasher/PID_Device_Quadcrasher_Spawner, 18668622, 37879, 18668622, 37879
/CRD_VehicleSpawners/SetupAssets/ShoppingCart/PID_Device_ShoppingCart_Spawner, 14245654, 36991, 14245654, 36991
/CRD_VehicleSpawners/SetupAssets/SportsCar/PID_Device_SportsCar_Spawner, 26834318, 426671, 26834318, 426671
/CRD_VehicleSpawners/SetupAssets/Surfboard/PID_Device_Surfboard_Spawner, 8577125, 26655, 8577125, 26655
/CRD_VehicleSpawners/SetupAssets/Taxi/PID_Device_Taxi_Spawner, 11570444, 426671, 11570444, 426671
/CRD_VFX_Creator/SetupAssets/PID_CP_Devices_VFX_Creator, 919541, 62581, 919541, 62581
/CRD_VFX_Spawner/SetupAssets/PID_Device_PointOfLight, 628419, 16592, 628419, 16592
/CRD_VFX_Spawner/SetupAssets/PID_Device_VFX_Spawner, 521119, 63552, 521119, 63552
/CRD_VolumetricRegion/SetupAssets/PID_CP_Device_Barrier, 1048285, 39180, 1048285, 39180
/CRD_VolumetricRegion/SetupAssets/PID_CP_Device_Mutator, 1291851, 33508, 1291851, 33508
/CRD_VolumetricRegion/SetupAssets/PID_CP_Device_SkydiveVolume, 437832, 62868, 437832, 62868
/CRD_VolumetricRegion/SetupAssets/TID/DamageVolume/PID_Device_DamageVolume, 1159116, 61200, 1159116, 61200
/CRD_VolumetricRegion/SetupAssets/TID/FireVolume/PID_Devices_FireVolume, 988929, 61209, 988929, 61209
/CRD_Water/SetupAssets/PID_CP_Devices_Water, 498386, 62352, 498386, 62352
/CRD_Weblink/SetupAssets/PID_Device_Weblink, 331809, 22528, 331809, 22528
/CRD_WildlifeSpawner/SetupAssets/PID_Device_WildlifeSpawner, 13805821, 64944, 13805821, 64944
/CRG_Abductor/SetupAssets/PID_CP_Props_Abductor_a, 17084029, 152944, 17084029, 152944
/CRG_Background/SetupAssets/PID_CP_Props_Buildings_a, 307987, 152256, 307987, 152256
/CRG_Background/SetupAssets/PID_CP_Props_Buildings_b, 326302, 173760, 326302, 173760
/CRG_Background/SetupAssets/PID_CP_Props_Buildings_c, 486776, 173760, 486776, 173760
/CRG_Background/SetupAssets/PID_CP_Props_Buildings_d, 176282, 55616, 176282, 55616
/CRG_Background/SetupAssets/PID_CP_Props_Buildings_e, 160951, 27856, 160951, 27856
/CRG_Background/SetupAssets/PID_CP_Props_Buildings_f, 204598, 27904, 204598, 27904
/CRG_Background/SetupAssets/PID_CP_Props_Buildings_g, 180897, 27904, 180897, 27904
/CRG_Background/SetupAssets/PID_CP_Props_Buildings_h, 231977, 27904, 231977, 27904
/CRG_Background/SetupAssets/PID_CP_Props_Buildings_i, 200380, 41856, 200380, 41856
/CRG_Background/SetupAssets/PID_CP_Props_Buildings_j, 582716, 83712, 582716, 83712
/CRG_Background/SetupAssets/PID_CP_Props_Dunes_a, 781766, 13904, 781766, 13904
/CRG_Background/SetupAssets/PID_CP_Props_Dunes_b, 807365, 13856, 807365, 13856
/CRG_Foliage/SetupAssets/PID_CP_Props_Foliage_V2_g, 7761988, 120408, 7761988, 120408
/CRG_Haste/SetupAssets/PID_CP_Props_Haste_a, 4372783, 120540, 4372783, 120540
/CRG_LazyLinks/SetupAssets/PID_CP_LazyLinks_Gallery_aa, 5559968, 787214, 5559968, 787220
/CRG_Minerva/SetupAssets/PID_CP_Props_Minerva_a, 11788777, 210072, 11788777, 210072
/CRG_Modular/SetupAssets/Maps/PID_CP_Props_Modular_Mountain_a, 1863767, 62352, 1863767, 62352
/CRG_Modular/SetupAssets/Maps/PID_CP_Props_Modular_Mountain_b, 1863767, 62352, 1863767, 62352
/CRG_Modular/SetupAssets/Maps/PID_CP_Props_Modular_Mountain_c, 1863767, 83136, 1863767, 83136
/CRG_Modular/SetupAssets/Maps/PID_CP_Props_Modular_Rocks_Large_a, 2479115, 83136, 2479115, 83136
/CRG_Modular/SetupAssets/Maps/PID_CP_Props_Modular_Rocks_Large_b, 2479115, 83136, 2479115, 83136
/CRG_Modular/SetupAssets/Maps/PID_CP_Props_Modular_Rocks_Large_c, 2479115, 110848, 2479115, 110848
/CRG_Modular/SetupAssets/Maps/PID_CP_Props_Modular_Rocks_Small_a, 2577190, 166272, 2577190, 166272
/CRG_Modular/SetupAssets/Maps/PID_CP_Props_Modular_Rocks_Small_b, 2577190, 166272, 2577190, 166272
/CRG_Modular/SetupAssets/Maps/PID_CP_Props_Modular_Rocks_Small_c, 2577190, 221696, 2577190, 221696
/CRG_Modular/SetupAssets/Maps/PID_CP_Props_Modular_Statues_a, 3227673, 103920, 3227673, 103920
/CRG_Modular/SetupAssets/Maps/PID_CP_Props_Modular_Statues_b, 3227673, 103920, 3227673, 103920
/CRG_Modular/SetupAssets/Maps/PID_CP_Props_Modular_Statues_c, 3227673, 138560, 3227673, 138560
/CRG_Nature/SetupAssets/Maps/PID_CP_Props_S_Nature_pp, 8784772, 204764, 8784772, 204764
/CRG_Nature/SetupAssets/Maps/PID_CP_Props_S_Nature_q, 7151167, 174160, 7151167, 174160
/CRG_Props/SetupAssets/Maps/PID_CP_Props_Resources_a, 9428959, 278080, 9428959, 278080
/CRG_Props/SetupAssets/Maps/PID_CP_Props_Tall_Grass_a, 585314, 306544, 585314, 306544
/CRG_Props/SetupAssets/Maps/PID_CP_Props_Tall_Grass_b, 1116607, 318960, 1116607, 318960
/CRG_Spire/SetupAssets/PID_CP_Gallery_Spire_a, 6765505, 413568, 6765505, 413568
/CRG_Spire/SetupAssets/PID_CP_Gallery_Spire_b, 5569323, 504198, 5569323, 504196
/CRG_Spire/SetupAssets/PID_CP_Props_Spire_a, 13827574, 164192, 13827574, 164192
/CRG_Spire/SetupAssets/PID_CP_Props_Spire_b, 15569340, 594624, 15569340, 594624
/CRG_Terrain/SetupAssets/PID_CP_Props_Caves_a, 6804482, 282372, 6804482, 282372
/CRG_Terrain/SetupAssets/PID_CP_Props_Terrain_Dunes_b, 346690, 34640, 346690, 34640
/CRG_TRV/SetupAssets/PID_CP_TRV_Castle_Gallery_a, 11195310, 409569, 11195310, 409584
/CRG_TRV/SetupAssets/PID_CP_TRV_Castle_Gallery_b, 3295672, 291511, 3295672, 291516
/CRG_TRV/SetupAssets/PID_CP_TRV_Castle_Gallery_c, 1600501, 147884, 1600501, 147884
/CRG_TRV/SetupAssets/PID_CP_TRV_Castle_Gallery_d, 14740322, 861527, 14740322, 861528
/CRG_TRV/SetupAssets/PID_CP_TRV_Castle_Gallery_e, 3366542, 640980, 3366542, 640980
/CRG_TRV/SetupAssets/PID_CP_TRV_Castle_Gallery_f, 3283303, 935239, 3283303, 935244
/CRG_TRV/SetupAssets/PID_CP_TRV_Castle_Gallery_g, 8016694, 197060, 8016694, 197060
/CRP_7Village/SetupAssets/PID_CP_7Village_Gallery_a, 3559307, 484582, 3559307, 484588
/CRP_7Village/SetupAssets/PID_CP_7Village_Gallery_b, 7210475, 1453047, 7210475, 1453048
/CRP_7Village/SetupAssets/PID_CP_7Village_Gallery_c, 4132532, 1019594, 4132532, 1019600
/CRP_7Village/SetupAssets/PID_CP_7Village_Gallery_d, 3526169, 292879, 3526169, 292880
/CRP_7Village/SetupAssets/PID_CP_7Village_L_Assembly_a, 19103619, 2558956, 19103619, 2558956
/CRP_7Village/SetupAssets/PID_CP_7Village_M_Market_a, 20017156, 2459196, 20017156, 2459192
/CRP_7Village/SetupAssets/PID_CP_7Village_S_Hut_a, 7610344, 459216, 7610344, 459216
/CRP_7Village/SetupAssets/PID_CP_7Village_S_Hut_b, 9907679, 727509, 9907679, 727514
/CRP_7Village/SetupAssets/PID_CP_7Village_XL_House_a, 27613037, 5273461, 27613037, 5273452
/CRP_7Village/SetupAssets/PID_CP_7Village_XL_Hydro_a, 23818555, 4669121, 23818555, 4669120
/CRP_7Village/SetupAssets/PID_CP_Props_7Village_a, 3088760, 48664, 3088760, 48664
/CRP_7Village/SetupAssets/PID_CP_Props_7Village_b, 22535178, 1319184, 22535178, 1319184
/CRP_Background/SetupAssets/PID_CP_Background_S_Bldg_a, 353684, 6952, 353684, 6952
/CRP_Background/SetupAssets/PID_CP_Background_S_Bldg_b, 677321, 6952, 677321, 6952
/CRP_Background/SetupAssets/PID_CP_Background_S_Bldg_c, 779370, 6952, 779370, 6952
/CRP_Background/SetupAssets/PID_CP_Background_S_Bldg_d, 805741, 6976, 805741, 6976
/CRP_Background/SetupAssets/PID_CP_Background_S_Dune_Sand_a, 553687, 6952, 553687, 6952
/CRP_Background/SetupAssets/PID_CP_Background_S_Dune_Sand_b, 2176908, 6952, 2176908, 6952
/CRP_Background/SetupAssets/PID_CP_Background_S_Dune_Sand_c, 3472460, 6952, 3472460, 6952
/CRP_Background/SetupAssets/PID_CP_Background_S_Dune_Snow_a, 578123, 6928, 578123, 6928
/CRP_Background/SetupAssets/PID_CP_Background_S_Dune_Snow_b, 2201344, 6928, 2201344, 6928
/CRP_Background/SetupAssets/PID_CP_Background_S_Dune_Snow_c, 3496896, 6928, 3496896, 6928
/CRP_Chonkers/SetupAssets/Maps/PID_CP_Chonkers_Gallery_a, 4044301, 997557, 4044301, 997560
/CRP_Chonkers/SetupAssets/Maps/PID_CP_Chonkers_Gallery_b, 3733944, 487039, 3733944, 487040
/CRP_Chonkers/SetupAssets/Maps/PID_CP_Chonkers_L_Restaurant_a, 18080000, 2533727, 18080000, 2533728
/CRP_Chonkers/SetupAssets/Maps/PID_CP_Chonkers_M_Garage_a, 14547212, 1701588, 14547212, 1701588
/CRP_Chonkers/SetupAssets/Maps/PID_CP_Chonkers_S_Stands_a, 7729330, 802932, 7729330, 802936
/CRP_Chonkers/SetupAssets/Maps/PID_CP_Props_Chonkers_a, 30175075, 1247456, 30175075, 1247456
/CRP_Covert/SetupAssets/Maps/PID_CP_Covert_Gallery_a, 3141686, 370552, 3141686, 370552
/CRP_Covert/SetupAssets/Maps/PID_CP_Covert_Gallery_b, 6662772, 1414406, 6662772, 1414408
/CRP_Covert/SetupAssets/Maps/PID_CP_Covert_Gallery_Blimp_a, 16203819, 548391, 16203819, 548392
/CRP_Covert/SetupAssets/Maps/PID_CP_Covert_Gallery_Blimp_b, 2510011, 321750, 2510011, 321752
/CRP_Covert/SetupAssets/Maps/PID_CP_Covert_Gallery_Blimp_c, 5325557, 254080, 5325557, 254080
/CRP_Covert/SetupAssets/Maps/PID_CP_Covert_Gallery_Drill_a, 13052363, 412864, 13052363, 412864
/CRP_Covert/SetupAssets/Maps/PID_CP_Covert_Gallery_Drill_b, 4211824, 262960, 4211824, 262960
/CRP_Covert/SetupAssets/Maps/PID_CP_Covert_L_Drill_a, 17332207, 3135496, 17332207, 3135496
/CRP_Covert/SetupAssets/Maps/PID_CP_Covert_L_Tower_a, 19349841, 4261228, 19349841, 4261228
/CRP_Covert/SetupAssets/Maps/PID_CP_Covert_M_BlimpDock_a, 11648196, 2147080, 11648196, 2147080
/CRP_Covert/SetupAssets/Maps/PID_CP_Covert_M_Cargo_a, 13362190, 1516280, 13362190, 1516280
/CRP_Covert/SetupAssets/Maps/PID_CP_Covert_XL_Blimp_a, 23621475, 5348226, 23621475, 5348224
/CRP_Covert/SetupAssets/Maps/PID_CP_Covert_XL_HQ_a, 49440154, 13269362, 49440154, 13269368
/CRP_Covert/SetupAssets/Maps/PID_CP_Props_Covert_a, 39021107, 1550068, 39021107, 1550068
/CRP_Covert/SetupAssets/Maps/PID_CP_Props_Covert_b, 5367962, 95344, 5367962, 95344
/CRP_Foundation/SetupAssets/Maps/PID_CP_Foundation_3x3_CliffHouse_a, 15751310, 1164306, 15751310, 1164306
/CRP_Foundation/SetupAssets/Maps/PID_CP_Foundation_3x3_GenericHouse_e, 9553270, 837444, 9553270, 837444
/CRP_Foundation/SetupAssets/Maps/PID_CP_Foundation_3x3_House_a, 13025530, 1468701, 13025530, 1468700
/CRP_Foundation/SetupAssets/Maps/PID_CP_Foundation_S_House_a, 1720598, 801503, 1720598, 801524
/CRP_Foundation/SetupAssets/Maps/PID_CP_Foundation_S_House_b, 2221207, 125472, 2221207, 125472
/CRP_Foundation/SetupAssets/Maps/PID_CP_Foundation_S_House_c, 7099494, 382892, 7099494, 382892
/CRP_GardenPartyHG/SetupAssets/Maps/PID_CP_Props_GardenPartyHG_a, 4985431, 81600, 4985431, 81600
/CRP_GardenPartyHG/SetupAssets/Maps/PID_CP_Props_GardenPartyHG_b, 4769243, 280980, 4769243, 280980
/CRP_GasStation/SetupAssets/Maps/PID_CP_GasStation_Gallery_a, 4329006, 392184, 4329006, 392188
/CRP_GasStation/SetupAssets/Maps/PID_CP_GasStation_M_Spillexx_a, 12102874, 1167504, 12102874, 1167504
/CRP_GasStation/SetupAssets/Maps/PID_CP_GasStation_M_Station_a, 12639939, 1254193, 12639939, 1254196
/CRP_LazyLinks/SetupAssets/PID_CP_LazyLinks_L_Clubhouse_aa, 10657750, 2686460, 10657750, 2686464
/CRP_LazyLinks/SetupAssets/PID_CP_LazyLinks_S_Garage_aa, 2064061, 544507, 2064061, 544508
/CRP_LazyLinks/SetupAssets/PID_CP_LazyLinks_S_ProShop_aa, 6650791, 521870, 6650791, 521872
/CRP_Spire/SetupAssets/PID_CP_Spire_L_Inn_a, 18756738, 2984014, 18756738, 2984016
/CRP_Spire/SetupAssets/PID_CP_Spire_M_Building_a, 12867464, 1592384, 12867464, 1592384
/CRP_Spire/SetupAssets/PID_CP_Spire_M_Gatehouse_a, 13887460, 2279047, 13887460, 2279048
/CRP_Spire/SetupAssets/PID_CP_Spire_S_Blacksmith_a, 9425075, 779984, 9425075, 779984
/CRP_Spire/SetupAssets/PID_CP_Spire_S_House_a, 8047880, 762848, 8047880, 762848
/CRP_Spire/SetupAssets/PID_CP_Spire_S_Shop_a, 7921252, 970338, 7921252, 970344
/CRP_TorchLight/SetUpAssets/PID_CP_Props_M_Military_Lights_TorchLight, 1913712, 138360, 1913712, 138360
/CRP_TorchLight/SetUpAssets/PID_CP_Props_S_Ambient_b_Torchlight, 3393764, 93304, 3393764, 93304
/CRP_TorchLight/SetUpAssets/PID_PG_Props_S_Ambient_a_Torchlight, 3673584, 110876, 3673584, 110876
/CRP_TRV/SetupAssets/PID_CP_TRV_XL_Castle_a, 54039533, 8885184, 54039533, 8885284
/CRP_TRV/SetupAssets/PID_CP_TRV_XL_Castle_b, 54316102, 5392506, 54316102, 5392512
/CRP_TRV/SetupAssets/PID_CP_TRV_XL_Castle_c, 48653232, 5891629, 48653232, 5891640
/CRP_TRV/SetupAssets/PID_CP_TRV_XL_Castle_d, 61913132, 9886297, 61913132, 9886316
/CRP_Turbo/SetupAssets/Maps/PID_CP_Props_Turbo_a, 553558, 67200, 553558, 67200
/Game/Playsets/PID_016_Athena_SpikyStadium, 8263852, 4712240, 8263852, 4712308
/Game/Playsets/PID_019_PC_Device_Radio, 389564, 11468, 389564, 11468
/Game/Playsets/PID_019_PG_Arctic_Gallery_a, 10655928, 253788, 10655928, 253788
/Game/Playsets/PID_019_PG_Arctic_Gallery_b, 4727008, 136352, 4727008, 136352
/Game/Playsets/PID_019_PG_Arctic_Gallery_c, 10085889, 217752, 10085889, 217752
/Game/Playsets/PID_019_PG_Arctic_L_Explorer_a, 16090179, 3297288, 16090179, 3297288
/Game/Playsets/PID_019_PG_Arctic_L_Explorer_b, 15415858, 3247088, 15415858, 3247096
/Game/Playsets/PID_019_PG_Arctic_M_Explorer_a, 6684812, 771976, 6684812, 771976
/Game/Playsets/PID_019_PG_Arctic_M_Explorer_b, 8255560, 1255259, 8255560, 1255260
/Game/Playsets/PID_019_PG_Arctic_S_Hanger_a, 6917455, 757715, 6917455, 757716
/Game/Playsets/PID_019_PG_Arctic_S_Outpost_d, 5820843, 312216, 5820843, 312216
/Game/Playsets/PID_019_PG_Arctic_S_Outpost_e, 5538520, 335692, 5538520, 335692
/Game/Playsets/PID_019_PG_Arctic_S_Outpost_f, 11088937, 925172, 11088937, 925172
/Game/Playsets/PID_019_PG_Factories_Gallery_a, 4299918, 719742, 4299918, 719744
/Game/Playsets/PID_019_PG_Factories_Gallery_b, 1440346, 123964, 1440346, 123964
/Game/Playsets/PID_019_PG_Factories_Gallery_c, 867792, 148512, 867792, 148512
/Game/Playsets/PID_019_PG_Factories_L_DCE_001, 13691291, 3790273, 13691291, 3790284
/Game/Playsets/PID_019_PG_Factories_L_DCE_001_G, 3793326, 399896, 3793326, 399896
/Game/Playsets/PID_019_PG_Factories_M_Factory_b, 5439116, 1502330, 5439116, 1502332
/Game/Playsets/PID_019_PG_Factories_M_Factory_b_G, 2134989, 188156, 2134989, 188156
/Game/Playsets/PID_019_PG_Factories_M_Factory_e, 2796337, 1147537, 2796337, 1147544
/Game/Playsets/PID_019_PG_Factories_M_Factory_e_G, 1273120, 87600, 1273120, 87600
/Game/Playsets/PID_019_PG_Factories_M_Factory_g, 6708203, 1215695, 6708203, 1215696
/Game/Playsets/PID_019_PG_Factories_M_Factory_g_G, 1989542, 195468, 1989542, 195468
/Game/Playsets/PID_019_PG_Factories_M_Factory_g_GP, 4877154, 282320, 4877154, 282320
/Game/Playsets/PID_019_PG_Factories_S_Garage_a, 2686019, 325204, 2686019, 325204
/Game/Playsets/PID_019_PG_Factories_S_Garage_a_G, 1568168, 99044, 1568168, 99044
/Game/Playsets/PID_019_PG_Factories_S_Garage_a_GP, 2686019, 325204, 2686019, 325204
/Game/Playsets/PID_019_PG_Factories_S_SubStation_b, 6273707, 224562, 6273707, 224568
/Game/Playsets/PID_019_PG_Farmstead_Gallery_a, 5154631, 223040, 5154631, 223040
/Game/Playsets/PID_019_PG_Farmstead_M_Barn_a, 11262153, 1325786, 11262153, 1325784
/Game/Playsets/PID_019_PG_Farmstead_M_FarmHouse, 10167756, 1640907, 10167756, 1640924
/Game/Playsets/PID_019_PG_Farmstead_S_Shack_a, 4296440, 226125, 4296440, 226128
/Game/Playsets/PID_019_PG_Farmstead_S_ShedAndField, 5811931, 1026648, 5811931, 1026644
/Game/Playsets/PID_019_PG_Farmstead_S_Silo_a, 1473296, 37576, 1473296, 37576
/Game/Playsets/PID_019_PG_Farmstead_S_Stables_a, 9076216, 951387, 9076216, 951388
/Game/Playsets/PID_019_PG_IceCastle_L_Fort_a, 10440771, 4069080, 10440771, 4069080
/Game/Playsets/PID_019_PG_IceCastle_L_Fort_b, 12005576, 4313743, 12005576, 4313736
/Game/Playsets/PID_019_PG_IceCastle_L_Tower_a, 10820886, 3174650, 10820886, 3174656
/Game/Playsets/PID_019_PG_IceCastle_M_Fort_a, 11227937, 2397649, 11227937, 2397656
/Game/Playsets/PID_019_PG_IceCastle_S_Archway, 6364505, 777958, 6364505, 777960
/Game/Playsets/PID_019_PG_IceCastle_S_Building_a, 4404412, 402495, 4404412, 402496
/Game/Playsets/PID_019_PG_IceCastle_S_Cellar_a, 6733970, 1057979, 6733970, 1057992
/Game/Playsets/PID_019_PG_IceCastle_S_Gallery_a, 6049147, 197064, 6049147, 197064
/Game/Playsets/PID_019_PG_IceCastle_S_Gallery_b, 5803915, 103480, 5803915, 103480
/Game/Playsets/PID_019_PG_IceCastle_S_Gallery_c, 6053197, 197280, 6053197, 197280
/Game/Playsets/PID_019_PG_IceCastle_S_Gallery_d, 5939612, 100752, 5939612, 100752
/Game/Playsets/PID_019_PG_IceCastle_S_Ice_Gallery, 1003386, 126480, 1003386, 126480
/Game/Playsets/PID_019_PG_IceCastle_S_Stables_a, 7764727, 1102453, 7764727, 1102456
/Game/Playsets/PID_019_PG_IceCastle_S_Tower_a, 2914196, 242183, 2914196, 242184
/Game/Playsets/PID_019_PG_IceCastle_XL_Castle_a, 20891980, 7105572, 20891980, 7105576
/Game/Playsets/PID_019_PG_LuckyLanding_L_Tower_b, 7979826, 1538911, 7979826, 1538924
/Game/Playsets/PID_019_PG_LuckyLanding_L_Tower_b_G, 5596227, 253654, 5596227, 253656
/Game/Playsets/PID_019_PG_LuckyLanding_L_Tower_b_GP, 7979826, 1538911, 7979826, 1538924
/Game/Playsets/PID_019_PG_LuckyLanding_M_Commerical_a, 14736685, 1591315, 14736685, 1591320
/Game/Playsets/PID_019_PG_LuckyLanding_M_Commerical_a_G, 3521916, 266820, 3521916, 266824
/Game/Playsets/PID_019_PG_LuckyLanding_M_Commerical_b, 4877107, 687824, 4877107, 687828
/Game/Playsets/PID_019_PG_LuckyLanding_M_Commerical_b_G, 2406455, 151555, 2406455, 151556
/Game/Playsets/PID_019_PG_LuckyLanding_M_Commerical_b_GP, 4877107, 687824, 4877107, 687828
/Game/Playsets/PID_019_PG_LuckyLanding_M_Commerical_c, 12951906, 1107830, 12951906, 1107832
/Game/Playsets/PID_019_PG_LuckyLanding_M_Commerical_c_G, 4004721, 263195, 4004721, 263196
/Game/Playsets/PID_019_PG_LuckyLanding_M_Plaza_a, 10241039, 784328, 10241039, 784328
/Game/Playsets/PID_019_PG_LuckyLanding_M_Plaza_a_G, 1536269, 51632, 1536269, 51632
/Game/Playsets/PID_019_PG_LuckyLanding_M_Plaza_a_GP, 10241039, 784328, 10241039, 784328
/Game/Playsets/PID_019_PG_LuckyLanding_S_Tower_a, 5330313, 319632, 5330313, 319632
/Game/Playsets/PID_019_PG_LuckyLanding_S_Tower_a_G, 2293098, 90752, 2293098, 90752
/Game/Playsets/PID_019_PG_LuckyLanding_S_Tower_a_GP, 5330313, 319632, 5330313, 319632
/Game/Playsets/PID_019_PG_Obstacle_Gallery, 16240945, 691744, 16240945, 691744
/Game/Playsets/PID_019_PG_Obstacle_Gallery_a, 1381168, 157664, 1381168, 157664
/Game/Playsets/PID_019_PG_Obstacle_Gallery_b, 3287528, 295231, 3287528, 295232
/Game/Playsets/PID_019_PG_Obstacle_Gallery_c, 3990897, 200646, 3990897, 200648
/Game/Playsets/PID_019_PG_Obstacle_Gallery_d, 10815743, 199799, 10815743, 199800
/Game/Playsets/PID_019_PG_Obstacle_L_Course_A, 3295759, 2071694, 3295759, 2071696
/Game/Playsets/PID_019_PG_Obstacle_L_Course_A_G, 1387667, 75536, 1387667, 75536
/Game/Playsets/PID_019_PG_Obstacle_L_Course_B, 15518462, 1688676, 15518462, 1688680
/Game/Playsets/PID_019_PG_Obstacle_L_Course_B_G, 10824860, 153288, 10824860, 153288
/Game/Playsets/PID_019_PG_Obstacle_L_Course_C, 12723747, 1087884, 12723747, 1087884
/Game/Playsets/PID_019_PG_Obstacle_L_Course_C_G, 9716358, 116176, 9716358, 116176
/Game/Playsets/PID_019_PG_Obstacle_L_Course_D, 16770016, 2411656, 16770016, 2411656
/Game/Playsets/PID_019_PG_Obstacle_L_Course_D_G, 10668420, 166439, 10668420, 166440
/Game/Playsets/PID_019_PG_Obstacle_L_Course_E, 10650865, 1531607, 10650865, 1531616
/Game/Playsets/PID_019_PG_Obstacle_L_Course_E_G, 8788307, 122768, 8788307, 122768
/Game/Playsets/PID_019_PG_Obstacle_M_10_Ramp_A, 524747, 1022064, 524747, 1022080
/Game/Playsets/PID_019_PG_Obstacle_M_10_Tower_A, 1061008, 467118, 1061008, 467120
/Game/Playsets/PID_019_PG_Obstacle_M_10_Tower_B, 209529, 267554, 209529, 266224
/Game/Playsets/PID_019_PG_Obstacle_M_Jump_A, 4777382, 728450, 4781319, 729088
/Game/Playsets/PID_019_PG_Obstacle_S_1_Ramp_A, 220970, 25623, 220970, 25624
/Game/Playsets/PID_019_PG_Obstacle_S_1_Tower_A, 198088, 32002, 198088, 32080
/Game/Playsets/PID_019_PG_Obstacle_S_1_Tower_B, 209529, 32078, 209529, 32080
/Game/Playsets/PID_019_PG_Obstacle_S_2_Ramp_A, 209529, 64252, 209529, 64256
/Game/Playsets/PID_019_PG_Obstacle_S_2_StepRamp_A, 308573, 102652, 220970, 102792
/Game/Playsets/PID_019_PG_Obstacle_S_2_Tower_A, 198088, 58090, 198088, 58096
/Game/Playsets/PID_019_PG_Obstacle_S_2_Tower_B, 209529, 58242, 209529, 58096
/Game/Playsets/PID_019_PG_Obstacle_S_3_Finish_A, 220970, 179032, 220970, 179032
/Game/Playsets/PID_019_PG_Obstacle_S_3_Ramp_A, 209529, 115944, 209529, 115896
/Game/Playsets/PID_019_PG_Obstacle_S_3_Tower_A, 198088, 84178, 198088, 84112
/Game/Playsets/PID_019_PG_Obstacle_S_3_Tower_B, 209529, 84406, 209529, 84112
/Game/Playsets/PID_019_PG_Obstacle_S_4_Lander_A, 355791, 158638, 355791, 158640
/Game/Playsets/PID_019_PG_Obstacle_S_5_Tower_A, 198088, 136354, 198088, 136144
/Game/Playsets/PID_019_PG_Obstacle_S_5_Tower_B, 209529, 136734, 209529, 136144
/Game/Playsets/PID_019_PG_Obstacle_S_Course_A, 7859557, 235887, 7815755, 235864
/Game/Playsets/PID_019_PG_Obstacle_S_Course_A_G, 7804314, 65616, 7804314, 65616
/Game/Playsets/PID_019_PG_Obstacle_S_Course_B, 8531074, 201640, 8531074, 201640
/Game/Playsets/PID_019_PG_Obstacle_S_Course_B_G, 5260694, 44024, 5260694, 44024
/Game/Playsets/PID_019_PG_Obstacle_S_Course_C, 8141880, 372178, 8141880, 372180
/Game/Playsets/PID_019_PG_Obstacle_S_Course_C_G, 6421045, 56825, 6537529, 56720
/Game/Playsets/PID_019_PG_Obstacle_S_Jumper_A, 1320504, 86975, 1320504, 86976
/Game/Playsets/PID_019_PG_Obstacle_S_Jumper_B, 198088, 55888, 198088, 55904
/Game/Playsets/PID_019_PG_Obstacle_S_Jumper_C, 198088, 86972, 198088, 86976
/Game/Playsets/PID_019_PG_PG_Tilted_L_Office_k, 7715390, 2106797, 7715390, 2106804
/Game/Playsets/PID_019_PG_PG_Tilted_L_Office_k_G, 1942463, 278109, 1942463, 278116
/Game/Playsets/PID_019_PG_PG_Tilted_L_Office_k_GP, 6778918, 606719, 6778918, 606724
/Game/Playsets/PID_019_PG_PG_Tilted_L_Shop_a, 6720517, 2498324, 6720517, 2498372
/Game/Playsets/PID_019_PG_PG_Tilted_L_Shop_a_G, 2405777, 328856, 2405777, 328856
/Game/Playsets/PID_019_PG_PG_Tilted_L_Shop_a_GP, 4325292, 313576, 4325292, 313576
/Game/Playsets/PID_019_PG_PleasantPark_M_Gazbo, 10809601, 1093636, 10809601, 1093636
/Game/Playsets/PID_019_PG_PleasantPark_M_House_g, 16531235, 1153474, 16531235, 1153477
/Game/Playsets/PID_019_PG_PleasantPark_M_House_g_G, 6004686, 363053, 6004686, 363056
/Game/Playsets/PID_019_PG_PleasantPark_M_House_g_GP, 11493558, 340053, 11493558, 340053
/Game/Playsets/PID_019_PG_PleasantPark_M_House_q, 16167872, 1376516, 16167872, 1376516
/Game/Playsets/PID_019_PG_PleasantPark_M_House_q_G, 6262490, 351316, 6262490, 351316
/Game/Playsets/PID_019_PG_PleasantPark_M_House_q_GP, 10258621, 349892, 10258621, 349892
/Game/Playsets/PID_019_PG_PleasantPark_M_House_y, 16471326, 1394770, 16471326, 1394781
/Game/Playsets/PID_019_PG_PleasantPark_M_House_y_G, 3944198, 329893, 3944198, 329900
/Game/Playsets/PID_019_PG_PleasantPark_M_House_y_GP, 12830942, 397693, 12830942, 397693
/Game/Playsets/PID_019_PG_PleasantPark_S_GasStation_a, 5886851, 505027, 5886851, 505032
/Game/Playsets/PID_019_PG_PleasantPark_S_GasStation_a_G, 955868, 100552, 955868, 100552
/Game/Playsets/PID_019_PG_PleasantPark_S_GasStation_a_GP, 955868, 100552, 955868, 100552
/Game/Playsets/PID_019_PG_PleasantPark_S_House_l, 11167354, 956612, 11167354, 956617
/Game/Playsets/PID_019_PG_PleasantPark_S_House_l_G, 1306866, 146408, 1306866, 146408
/Game/Playsets/PID_019_PG_PleasantPark_S_House_l_GP, 9996954, 349749, 9996954, 349749
/Game/Playsets/PID_019_PG_Props_S_Ambient_a, 5141049, 404664, 5141049, 404664
/Game/Playsets/PID_019_PG_Props_S_Cars_a, 21581364, 244328, 21581364, 244328
/Game/Playsets/PID_019_PG_Props_S_Cube, 1073238, 406728, 1073238, 406728
/Game/Playsets/PID_019_PG_Props_S_Cube_4x, 693493, 406728, 693493, 406728
/Game/Playsets/PID_019_PG_Props_S_Disco_a, 3461066, 82552, 3461066, 82552
/Game/Playsets/PID_019_PG_Props_S_Disco_b, 8183510, 322320, 8183510, 322320
/Game/Playsets/PID_019_PG_Props_S_EQ_Blocks, 9009191, 1179532, 9008863, 1179532
/Game/Playsets/PID_019_PG_Props_S_Farm, 9470681, 104524, 9470681, 104524
/Game/Playsets/PID_019_PG_Props_S_GameplayProps, 875936, 413540, 875936, 413540
/Game/Playsets/PID_019_PG_Props_S_HolidayCheer, 16528626, 141488, 16528626, 141488
/Game/Playsets/PID_019_PG_Props_S_IceCastle, 12863258, 231168, 12863258, 231168
/Game/Playsets/PID_019_PG_Props_S_Indestrutible, 23115881, 486564, 23115881, 486564
/Game/Playsets/PID_019_PG_Props_S_Industrial_a, 6772406, 252336, 6772406, 252336
/Game/Playsets/PID_019_PG_Props_S_Industrial_b, 3479823, 44752, 3479823, 44752
/Game/Playsets/PID_019_PG_Props_S_Loot, 11297507, 90252, 11297507, 90252
/Game/Playsets/PID_019_PG_Props_S_LuckyLanding, 13918402, 101976, 13918402, 101976
/Game/Playsets/PID_019_PG_Props_S_MusicBlock_Synth_A, 3321920, 6338304, 3321920, 6338304
/Game/Playsets/PID_019_PG_Props_S_Nature_a, 24219202, 133524, 24219202, 133524
/Game/Playsets/PID_019_PG_Props_S_Nature_b, 14915636, 262416, 14915636, 262416
/Game/Playsets/PID_019_PG_Props_S_Nature_c, 14438551, 237440, 14438551, 237440
/Game/Playsets/PID_019_PG_Props_S_Nature_d, 2305865, 74160, 2305865, 74160
/Game/Playsets/PID_019_PG_Props_S_Nature_e, 1409980, 94968, 1409980, 94968
/Game/Playsets/PID_019_PG_Props_S_Nature_f, 1003386, 25296, 1003386, 25296
/Game/Playsets/PID_019_PG_Props_S_Nature_g, 1003386, 25296, 1003386, 25296
/Game/Playsets/PID_019_PG_Props_S_Obstacle_Parkour_a, 3064245, 374394, 3064245, 374400
/Game/Playsets/PID_019_PG_Props_S_Office_a, 1729764, 96856, 1729764, 96856
/Game/Playsets/PID_019_PG_Props_S_Piano_A, 470013, 359040, 470013, 359040
/Game/Playsets/PID_019_PG_Props_S_Residential_a, 5641852, 355856, 5641852, 355856
/Game/Playsets/PID_019_PG_Props_S_Retail_a, 14511609, 352616, 14511609, 352616
/Game/Playsets/PID_019_PG_Props_S_ShootingTargets, 1651725, 81136, 1651725, 81136
/Game/Playsets/PID_019_PG_Props_S_Sports_a, 10314714, 135552, 10314714, 135552
/Game/Playsets/PID_019_PG_Props_S_Street_a, 12962431, 364144, 12962431, 364144
/Game/Playsets/PID_019_PG_Props_S_Street_b, 2446843, 270496, 2446843, 270496
/Game/Playsets/PID_019_PG_RetailRow_L_Noms, 6015071, 1234137, 6015071, 1234160
/Game/Playsets/PID_019_PG_RetailRow_L_Noms_G, 1593001, 152700, 1593001, 152700
/Game/Playsets/PID_019_PG_RetailRow_L_Noms_GP, 4592477, 234600, 4592477, 234600
/Game/Playsets/PID_019_PG_RetailRows_M_BassShop, 8152353, 918224, 8152353, 918224
/Game/Playsets/PID_019_PG_RetailRows_M_BassShop_G, 731657, 163240, 731657, 163240
/Game/Playsets/PID_019_PG_RetailRows_M_BassShop_GP, 731657, 163240, 731657, 163240
/Game/Playsets/PID_019_PG_RetailRows_M_McGuffins, 4158360, 917073, 4158360, 917076
/Game/Playsets/PID_019_PG_RetailRows_M_McGuffins_G, 1586637, 168556, 1586637, 168556
/Game/Playsets/PID_019_PG_RetailRows_M_McGuffins_GP, 2572611, 193224, 2572611, 193224
/Game/Playsets/PID_019_PG_RetailRows_S_BigShots, 2591488, 358994, 2591488, 358996
/Game/Playsets/PID_019_PG_RetailRows_S_BigShots_G, 531873, 98471, 531873, 98472
/Game/Playsets/PID_019_PG_RetailRows_S_BigShots_GP, 531873, 98471, 531873, 98472
/Game/Playsets/PID_019_PG_RetailRows_S_DetectiveOffice, 2712480, 393750, 2712480, 393752
/Game/Playsets/PID_019_PG_RetailRows_S_DetectiveOffice_G, 1439494, 116983, 1439494, 116984
/Game/Playsets/PID_019_PG_RetailRows_S_Joels, 4584403, 451332, 4584403, 451336
/Game/Playsets/PID_019_PG_RetailRows_S_Joels_G, 567625, 98007, 567625, 98008
/Game/Playsets/PID_019_PG_RetailRows_S_Joels_GP, 567625, 98007, 567625, 98008
/Game/Playsets/PID_019_PG_RetailRows_S_WaterTower_a, 5876995, 213504, 5876995, 213504
/Game/Playsets/PID_019_PG_RetailRows_S_WaterTower_a_G, 5876995, 117839, 5876995, 117840
/Game/Playsets/PID_019_PG_RetailRows_S_WaterTower_a_GP, 5876995, 117839, 5876995, 117840
/Game/Playsets/PID_019_PG_Tilted_M_Apartment_e, 12734079, 1770892, 12734079, 1770892
/Game/Playsets/PID_019_PG_Tilted_M_Apartment_e_G, 2386478, 474497, 2386478, 474508
/Game/Playsets/PID_019_PG_Tilted_M_Apartment_e_GP, 10500622, 265896, 10500622, 265896
/Game/Playsets/PID_019_PG_Tilted_M_Apartment_k, 13305419, 1769491, 13305419, 1769492
/Game/Playsets/PID_019_PG_Tilted_M_Apartment_k_G, 1440090, 340095, 1440090, 340096
/Game/Playsets/PID_019_PG_Tilted_M_Apartment_k_GP, 11868641, 486748, 11868641, 486748
/Game/Playsets/PID_019_PG_Tilted_M_Apartment_t, 4791476, 1514060, 4791476, 1514080
/Game/Playsets/PID_019_PG_Tilted_M_Lofts_d, 4422897, 2034809, 4422897, 2034840
/Game/Playsets/PID_019_PG_Tilted_M_Park_b, 7388772, 1080612, 7388772, 1080612
/Game/Playsets/PID_019_PG_Tilted_M_Park_b_G, 1501903, 181140, 1501903, 181140
/Game/Playsets/PID_019_PG_Tilted_M_Park_b_GP, 1501903, 181140, 1501903, 181140
/Game/Playsets/PID_019_PG_Tilted_M_Store_a, 7883736, 1232258, 7883736, 1232288
/Game/Playsets/PID_019_PG_Tilted_M_Store_a_G, 2994321, 201875, 2994321, 201876
/Game/Playsets/PID_019_PG_Tilted_M_Store_a_GP, 2994321, 201875, 2994321, 201876
/Game/Playsets/PID_019_PG_Tilted_S_ClockTower_a, 2833068, 472197, 2833068, 472200
/Game/Playsets/PID_019_PG_Tilted_S_ClockTower_a_G, 1458613, 84872, 1458613, 84872
/Game/Playsets/PID_019_PG_Tilted_S_ClockTower_a_GP, 1458613, 84872, 1458613, 84872
/Game/Playsets/PID_019_PG_Tilted_S_Commercial_a, 7781840, 883395, 7781840, 883396
/Game/Playsets/PID_019_PG_Tilted_S_Commercial_a_g, 1192989, 157088, 1192989, 157088
/Game/Playsets/PID_019_PG_WVillage_Gallery_a, 3706187, 628800, 3706187, 628800
/Game/Playsets/PID_019_PG_WVillage_Gallery_b, 3706187, 503040, 3706187, 503040
/Game/Playsets/PID_019_PG_WVillage_L_Church_A, 11732834, 2752365, 11732834, 2752392
/Game/Playsets/PID_019_PG_WVillage_L_Church_A_G, 6738920, 403048, 6738920, 403048
/Game/Playsets/PID_019_PG_WVillage_L_Pubs_A, 31920604, 5873811, 31920604, 5873816
/Game/Playsets/PID_019_PG_WVillage_L_Pubs_A_G, 7454052, 853784, 7454052, 853784
/Game/Playsets/PID_019_PG_WVillage_L_Shop_B, 17069046, 4411666, 17069046, 4411708
/Game/Playsets/PID_019_PG_WVillage_L_Shops_A, 17787596, 2183593, 17787596, 2183596
/Game/Playsets/PID_019_PG_WVillage_L_Shops_A_G, 6160575, 438728, 6160575, 438736
/Game/Playsets/PID_019_PG_WVillage_M_Hotel_A, 7449692, 1276666, 7449692, 1276668
/Game/Playsets/PID_019_PG_WVillage_M_Hotel_A_G, 3297449, 238234, 3297449, 238236
/Game/Playsets/PID_019_PG_WVillage_S_Clock_A, 4542520, 658259, 4542520, 658264
/Game/Playsets/PID_019_PG_WVillage_S_Clock_A_G, 2512915, 100216, 2512915, 100216
/Game/Playsets/PID_019_PG_WVillage_S_House_A, 7071084, 671289, 7071084, 671292
/Game/Playsets/PID_019_PG_WVillage_S_House_A_G, 2756776, 157964, 2756776, 157964
/Game/Playsets/PID_019_PG_WVillage_S_Shop_A, 10494229, 661288, 10494229, 661288
/Game/Playsets/PID_019_PG_WVillage_S_Shop_A_G, 3404228, 112648, 3404228, 112648
/Game/Playsets/PID_CP_ArtDeco_Gallery_Bank_Black_a, 17595406, 1622011, 17595406, 1622028
/Game/Playsets/PID_CP_ArtDeco_Gallery_Bank_Blue_a, 17595406, 1340987, 17595406, 1340996
/Game/Playsets/PID_CP_ArtDeco_Gallery_Bank_Red_a, 17595406, 1576604, 17595406, 1576604
/Game/Playsets/PID_CP_ArtDeco_Gallery_JS_Jade_a, 6454797, 767664, 6454797, 767664
/Game/Playsets/PID_CP_ArtDeco_Gallery_JS_Red_a, 6454797, 767664, 6454797, 767664
/Game/Playsets/PID_CP_ArtDeco_Gallery_JS_White_a, 6454797, 767664, 6454797, 767664
/Game/Playsets/PID_CP_ArtDeco_Gallery_Skylight_a, 4689663, 112832, 4689663, 112832
/Game/Playsets/PID_CP_ArtDeco_L_Theatre_a, 16023005, 2792583, 16023005, 2792586
/Game/Playsets/PID_CP_ArtDeco_M_JewelryStore_a, 15465701, 2850981, 15465701, 2850996
/Game/Playsets/PID_CP_ArtDeco_M_JewelryStore_b, 17779882, 3120589, 17779882, 3120608
/Game/Playsets/PID_CP_ArtDeco_XL_Bank_a, 20385088, 5471231, 20385088, 5471236
/Game/Playsets/PID_CP_ArtDeco_XL_Bank_b, 23253667, 5632606, 23253667, 5632612
/Game/Playsets/PID_CP_ArtDeco_XL_Hotel_a, 42754862, 7656726, 42754862, 7656728
/Game/Playsets/PID_CP_Background_City_a, 7237987, 36560, 7237987, 36560
/Game/Playsets/PID_CP_BlackMonday_Gallery_a, 6103305, 641030, 6103305, 641036
/Game/Playsets/PID_CP_BlackMonday_Gallery_b, 10540806, 522476, 10540806, 522476
/Game/Playsets/PID_CP_BlackMonday_L_Bank_a, 13160753, 1686056, 13160753, 1686056
/Game/Playsets/PID_CP_BlackMonday_L_CityHall_a, 9193562, 2382344, 9193562, 2382388
/Game/Playsets/PID_CP_BlackMonday_L_Factory_a, 6259253, 1913570, 6259253, 1913572
/Game/Playsets/PID_CP_BlackMonday_L_PDStation_a, 7003808, 2431132, 7003808, 2431132
/Game/Playsets/PID_CP_BlackMonday_M_Theater_a, 7205143, 1256866, 7205143, 1256880
/Game/Playsets/PID_CP_BlackMonday_XL_CorpBuilding_a, 7106434, 3236164, 7106434, 3236200
/Game/Playsets/PID_CP_BridgeGirder_Gallery_Blue, 7316872, 147104, 7316872, 147104
/Game/Playsets/PID_CP_BridgeGirder_Gallery_Green, 7316872, 147104, 7316872, 147104
/Game/Playsets/PID_CP_BridgeGirder_Gallery_Grey, 7316872, 147104, 7316872, 147104
/Game/Playsets/PID_CP_BridgeGirder_Gallery_Orange, 7316872, 147104, 7316872, 147104
/Game/Playsets/PID_CP_BridgeGirder_Gallery_White, 7316872, 147104, 7316872, 147104
/Game/Playsets/PID_CP_BridgeGirder_M_Blue, 9748735, 2302432, 9748735, 2302432
/Game/Playsets/PID_CP_BridgeGirder_M_Green, 9732532, 1852772, 9732532, 1852776
/Game/Playsets/PID_CP_BridgeGirder_M_Orange, 8344156, 1424877, 8344156, 1424896
/Game/Playsets/PID_CP_BridgeGirder_S_Purple, 2915063, 818574, 2915063, 818576
/Game/Playsets/PID_CP_BridgeGirder_S_Yellow, 3363634, 1220624, 3363634, 1220624
/Game/Playsets/PID_CP_Cabins_Gallery_a, 9852056, 374872, 9852056, 374872
/Game/Playsets/PID_CP_Cabins_M_Lodge, 10778095, 1546231, 10778095, 1546244
/Game/Playsets/PID_CP_Cabins_M_RangerStation, 9107515, 1227030, 9107515, 1227040
/Game/Playsets/PID_CP_Cabins_S_Cottage, 6976157, 590980, 6976157, 590980
/Game/Playsets/PID_CP_Cabins_S_Cottage_b, 4475313, 398752, 4475313, 398752
/Game/Playsets/PID_CP_Cabins_S_CozyCabin, 6849821, 539255, 6849821, 539256
/Game/Playsets/PID_CP_Cabins_S_StiltedCabin, 4780653, 572783, 4780653, 572784
/Game/Playsets/PID_CP_Cattus_S_Skull, 14498156, 988108, 14498156, 988108
/Game/Playsets/PID_CP_Cattus_S_Skull_Large, 14498156, 988107, 14498156, 988108
/Game/Playsets/PID_CP_Coliseum_Gallery_a, 2564984, 348863, 2564984, 348900
/Game/Playsets/PID_CP_Coliseum_Gallery_b, 4967205, 412912, 4967205, 412912
/Game/Playsets/PID_CP_Coliseum_XL_Arena_a, 16906637, 16332939, 16906637, 16332940
/Game/Playsets/PID_CP_Collectible_Bowl, 243960, 21748, 243960, 21748
/Game/Playsets/PID_CP_Collectible_Paper, 265853, 21748, 265853, 21748
/Game/Playsets/PID_CP_Consumables_Consumables, 4641931, 65512, 4641931, 65512
/Game/Playsets/PID_CP_CoralCastle_Gallery_a, 10330114, 889792, 10330114, 889792
/Game/Playsets/PID_CP_CoralCastle_M_Chambers_a, 12495496, 1222904, 12495496, 1222904
/Game/Playsets/PID_CP_CoralCastle_M_Gatehouse_a, 14937082, 1217872, 14937082, 1217884
/Game/Playsets/PID_CP_CoralCastle_S_Bridgeway_a, 4966723, 237872, 4966723, 237872
/Game/Playsets/PID_CP_CoralCastle_S_Tower_a, 3968752, 269066, 3968752, 269072
/Game/Playsets/PID_CP_CoralCastle_XL_Center_a, 19804144, 5691622, 19804144, 5691628
/Game/Playsets/PID_CP_CraggyCliffs_Gallery_a, 7933468, 810640, 7933468, 810640
/Game/Playsets/PID_CP_CraggyCliffs_Gallery_b, 7886200, 236088, 7886200, 236088
/Game/Playsets/PID_CP_CraggyCliffs_Gallery_c, 10259397, 400572, 10259397, 400572
/Game/Playsets/PID_CP_CraggyCliffs_M_House_a, 16789679, 2286674, 16789679, 2286684
/Game/Playsets/PID_CP_CraggyCliffs_M_House_b, 13902475, 1544180, 13902475, 1544180
/Game/Playsets/PID_CP_CraggyCliffs_M_Shop_a, 10943566, 1131967, 10943566, 1131968
/Game/Playsets/PID_CP_CraggyCliffs_S_Boathouse_a, 9617242, 655813, 9617242, 655816
/Game/Playsets/PID_CP_CraggyCliffs_S_ClockTower_a, 6177704, 495192, 6177704, 495192
/Game/Playsets/PID_CP_CraggyCliffs_XL_Sticks_a, 27090550, 4752788, 27090550, 4752788
/Game/Playsets/PID_CP_Devices_AdvStormController, 2553840, 22808, 2553840, 22808
/Game/Playsets/PID_CP_Devices_BasicStormController, 1921287, 23372, 1921287, 23372
/Game/Playsets/PID_CP_Devices_Billboard, 14700, 14000, 14700, 14000
/Game/Playsets/PID_CP_Devices_BoulderSpawner, 1360330, 11044, 1360330, 11044
/Game/Playsets/PID_CP_Devices_CaptureArea, 2848045, 56900, 2848045, 56900
/Game/Playsets/PID_CP_Devices_ChannelSwitchboard, 2128576, 20904, 2128576, 20904
/Game/Playsets/PID_CP_Devices_ClassSelector, 1393071, 26524, 1393071, 26524
/Game/Playsets/PID_CP_Devices_ClassSettings, 1453023, 24840, 1453023, 24840
/Game/Playsets/PID_CP_Devices_ColorChangeTile, 375000, 21412, 375000, 21412
/Game/Playsets/PID_CP_Devices_CoolCarpet, 11053294, 21438, 11053294, 21438
/Game/Playsets/PID_CP_Devices_CreativeButton, 321199, 23570, 321199, 23570
/Game/Playsets/PID_CP_Devices_CreatureManager, 1334006, 37632, 1334006, 37632
/Game/Playsets/PID_CP_Devices_CreaturePlacer, 2783871, 60624, 2783871, 60624
/Game/Playsets/PID_CP_Devices_CustomizableLights, 1922913, 48320, 1922913, 48320
/Game/Playsets/PID_CP_Devices_DeimosSpawner, 4518107, 25960, 4518107, 25960
/Game/Playsets/PID_CP_Devices_DestroyTarget, 2322409, 218120, 2322409, 218120
/Game/Playsets/PID_CP_Devices_EliminationManager, 3522696, 47608, 3522696, 47608
/Game/Playsets/PID_CP_Devices_ExplosiveBarrel, 1350792, 19792, 1350792, 19792
/Game/Playsets/PID_CP_Devices_FishingRodBarrel, 914644, 7160, 914644, 7160
/Game/Playsets/PID_CP_Devices_FuelPump, 2583440, 42798, 2583440, 42798
/Game/Playsets/PID_CP_Devices_HoloScreen, 434380, 21738, 434380, 21738
/Game/Playsets/PID_CP_Devices_Hover_Platform, 3990659, 16672, 3990659, 16672
/Game/Playsets/PID_CP_Devices_HUDMessage, 1332921, 9128, 1332921, 9128
/Game/Playsets/PID_CP_Devices_ItemGranter, 1132206, 34698, 1132206, 34698
/Game/Playsets/PID_CP_Devices_ItemSpawner, 1854098, 37632, 1854098, 37632
/Game/Playsets/PID_CP_Devices_ItemSpawnerProp, 1850554, 35556, 1850554, 35556
/Game/Playsets/PID_CP_Devices_ItemSpawnerVendingMachine, 983876, 18940, 983876, 18940
/Game/Playsets/PID_CP_Devices_Jet, 6018422, 59747, 6018422, 59747
/Game/Playsets/PID_CP_Devices_KeyLock, 838794, 14760, 838794, 14760
/Game/Playsets/PID_CP_Devices_LockDevice, 753184, 27462, 753184, 27462
/Game/Playsets/PID_CP_Devices_MapMarker, 1858103, 21884, 1858103, 21884
/Game/Playsets/PID_CP_Devices_MatchmakingPortal, 1874988, 31228, 1874988, 31228
/Game/Playsets/PID_CP_Devices_PerceptionTrigger, 1891127, 33396, 1891127, 33396
/Game/Playsets/PID_CP_Devices_PinballBumper, 1364033, 25328, 1364033, 25328
/Game/Playsets/PID_CP_Devices_PinballFlipper, 1328604, 29456, 1328604, 29456
/Game/Playsets/PID_CP_Devices_PowerUp, 993304, 19626, 993304, 19626
/Game/Playsets/PID_CP_Devices_PowerUp_DmgAmplifier, 1759457, 22130, 1759457, 22130
/Game/Playsets/PID_CP_Devices_PowerUp_VFX, 2030192, 22314, 2030192, 22314
/Game/Playsets/PID_CP_Devices_PropPossessorConfig, 3233431, 24660, 3233431, 24660
/Game/Playsets/PID_CP_Devices_Quest, 2427810, 28528, 2427810, 28528
/Game/Playsets/PID_CP_Devices_RNG, 3919339, 33890, 3919339, 33890
/Game/Playsets/PID_CP_Devices_RoundSettings, 1221527, 13020, 1221527, 13020
/Game/Playsets/PID_CP_Devices_SAC, 2029135, 42216, 2029135, 42216
/Game/Playsets/PID_CP_Devices_ScoreManager, 1802220, 25432, 1802220, 25432
/Game/Playsets/PID_CP_Devices_ScreenshotCam, 1132761, 9672, 1132761, 9672
/Game/Playsets/PID_CP_Devices_SlurpContainer, 18004131, 114360, 18004131, 114360
/Game/Playsets/PID_CP_Devices_Speaker, 298899, 16524, 298899, 16524
/Game/Playsets/PID_CP_Devices_StormBeacon, 2055081, 19416, 2055081, 19416
/Game/Playsets/PID_CP_Devices_SwordStone, 5699800, 7792, 5699800, 7792
/Game/Playsets/PID_CP_Devices_Teleporter, 1204110, 23962, 1204110, 23962
/Game/Playsets/PID_CP_Devices_Timer, 1250051, 67906, 1250051, 67906
/Game/Playsets/PID_CP_Devices_TimerObjective, 2823754, 32280, 2823754, 32280
/Game/Playsets/PID_CP_Devices_Trigger, 1088939, 25724, 1088939, 25724
/Game/Playsets/PID_CP_Devices_TVScreen, 10500000, 40000, 10500000, 40000
/Game/Playsets/PID_CP_Devices_TVSilent, 661514, 24818, 661514, 24818
/Game/Playsets/PID_CP_Diners_Gallery_a, 4301268, 229874, 4301268, 229876
/Game/Playsets/PID_CP_Diners_Gallery_b, 4923274, 216756, 4923274, 216756
/Game/Playsets/PID_CP_Diners_Gallery_c, 4178383, 259631, 4178383, 259632
/Game/Playsets/PID_CP_Diners_Gallery_d, 3485107, 153924, 3485107, 153924
/Game/Playsets/PID_CP_Diners_Gallery_e, 6073231, 355483, 6073231, 355484
/Game/Playsets/PID_CP_Diners_L_Tacos_a, 19011210, 2836623, 19011210, 2836624
/Game/Playsets/PID_CP_Diners_M_Dumpling_a, 16180392, 1496023, 16180392, 1496028
/Game/Playsets/PID_CP_Diners_M_DurrrBurger_a, 20259546, 1887612, 20259546, 1887612
/Game/Playsets/PID_CP_Diners_M_PizzaPit_a, 6399418, 1286013, 6399418, 1286020
/Game/Playsets/PID_CP_Diners_M_Roadside_a, 8725324, 1230036, 8725324, 1230036
/Game/Playsets/PID_CP_Diners_M_Sofdeez_a, 10257826, 1276231, 10257826, 1276236
/Game/Playsets/PID_CP_Diners_S_Tacos_a, 6713405, 655859, 6713405, 655864
/Game/Playsets/PID_CP_Doggus_Gallery_a, 3570548, 328624, 3570548, 328624
/Game/Playsets/PID_CP_Doggus_Gallery_b, 7878013, 348471, 7878013, 348472
/Game/Playsets/PID_CP_Doggus_S_Mecha_a, 16708320, 293656, 16708320, 293656
/Game/Playsets/PID_CP_Doggus_S_Station_a, 4774113, 757670, 4774113, 757672
/Game/Playsets/PID_CP_Doggus_XL_Volcano_Base_a, 8077390, 7143566, 8077390, 7143580
/Game/Playsets/PID_CP_Dusty_L_Depot_Visitor_a, 31470201, 2978506, 31470201, 2978506
/Game/Playsets/PID_CP_Dusty_M_Depot_a, 3475668, 1489806, 3475668, 1489808
/Game/Playsets/PID_CP_Dusty_M_Depot_b, 3269245, 1413494, 3269245, 1413496
/Game/Playsets/PID_CP_Dusty_M_Depot_c, 2926774, 1426239, 2926774, 1426240
/Game/Playsets/PID_CP_Dusty_S_Gallery_a, 8107223, 495932, 8107223, 495932
/Game/Playsets/PID_CP_Dusty_XL_Diner_a, 30947392, 5911545, 30947392, 5911576
/Game/Playsets/PID_CP_EGO_Gallery_a, 10576259, 284708, 10576259, 284708
/Game/Playsets/PID_CP_EGO_Gallery_b, 4579957, 136376, 4579957, 136376
/Game/Playsets/PID_CP_EGO_M_Cargo_a, 18049177, 1539511, 18049177, 1539516
/Game/Playsets/PID_CP_EGO_M_Garage_a, 21271159, 1010826, 21271159, 1010829
/Game/Playsets/PID_CP_EGO_M_Radar_a, 13055233, 807948, 13055233, 807948
/Game/Playsets/PID_CP_EGO_M_Research_a, 23826992, 1567345, 23826992, 1567361
/Game/Playsets/PID_CP_EGO_S_Barrack_a, 3107008, 182756, 3107008, 182756
/Game/Playsets/PID_CP_EGO_S_Checkpoint_a, 8842804, 392806, 8842804, 392816
/Game/Playsets/PID_CP_Elemental_Cubes_a, 1211919, 436568, 1211919, 436568
/Game/Playsets/PID_CP_Fort_Gallery, 8176841, 259984, 8176841, 259984
/Game/Playsets/PID_CP_Fort_L_RuinedFortress_a, 10068829, 3191448, 10068829, 3191452
/Game/Playsets/PID_CP_Fort_M_RuinedFortress_a, 6708985, 888502, 6708985, 888504
/Game/Playsets/PID_CP_Fortilla_Floor_Stairs_Gallery_a, 4315827, 821817, 4315827, 821816
/Game/Playsets/PID_CP_Fortilla_Floor_Stairs_Gallery_b, 8331892, 908328, 8331892, 908328
/Game/Playsets/PID_CP_Fortilla_L_Commercial_a, 23529893, 5175823, 23529893, 5175812
/Game/Playsets/PID_CP_Fortilla_L_HQ_a, 30140131, 5936301, 30140131, 5936300
/Game/Playsets/PID_CP_Fortilla_L_LivableArea_a, 24438681, 2343863, 24438681, 2343864
/Game/Playsets/PID_CP_Fortilla_M_Entrance_a, 7826339, 1240942, 7826339, 1240940
/Game/Playsets/PID_CP_Fortilla_M_Gas_a, 29120705, 1768632, 29120705, 1768634
/Game/Playsets/PID_CP_Fortilla_M_PowerHouse_a, 13849079, 2131885, 13849079, 2131920
/Game/Playsets/PID_CP_Fortilla_S_House_a, 5471863, 332841, 5471863, 332840
/Game/Playsets/PID_CP_Fortilla_S_Pub_a, 3598539, 138544, 3598539, 138544
/Game/Playsets/PID_CP_Fortilla_WallGallery_a, 8126564, 1593893, 8126564, 1593892
/Game/Playsets/PID_CP_Fortilla_WallGallery_Blue_a, 2344661, 2768258, 2344661, 2768244
/Game/Playsets/PID_CP_Fortilla_WallGallery_Red_a, 3990582, 1591344, 3990582, 1591340
/Game/Playsets/PID_CP_Fortilla_WallGallery_Yellow_a, 38976, 922752, 38976, 922752
/Game/Playsets/PID_CP_Fortilla_WallGallery_Yellow_b, 2313511, 2365877, 2313511, 2365852
/Game/Playsets/PID_CP_FrenzyFarm_Gallery_a, 9380241, 803547, 9380241, 803548
/Game/Playsets/PID_CP_FrenzyFarm_Gallery_b, 7717117, 1189667, 7717117, 1189688
/Game/Playsets/PID_CP_FrenzyFarm_L_Barn_a, 19052887, 2375158, 19052887, 2375160
/Game/Playsets/PID_CP_FrenzyFarm_M_Mill_a, 11532809, 1017272, 11532809, 1017272
/Game/Playsets/PID_CP_FrenzyFarm_S_Loft_a, 7397111, 261408, 7397111, 261408
/Game/Playsets/PID_CP_FrenzyFarm_S_Shed_a, 5730486, 349028, 5730486, 349028
/Game/Playsets/PID_CP_FrenzyFarm_S_Shed_b, 8246678, 555522, 8246678, 555548
/Game/Playsets/PID_CP_FrenzyFarm_XL_House_a, 23552449, 5146484, 23552449, 5146488
/Game/Playsets/PID_CP_Glass_Gallery_a, 4183910, 335704, 4183910, 335704
/Game/Playsets/PID_CP_GroundFloor_S_Alt_Grass_a, 4323690, 213568, 4323690, 213568
/Game/Playsets/PID_CP_GroundFloor_S_Alt_Grass_b, 4029540, 182448, 4029540, 182448
/Game/Playsets/PID_CP_GroundFloor_S_Catacombs_a, 1289255, 81216, 1289255, 81216
/Game/Playsets/PID_CP_GroundFloor_S_Cobblestone_a, 2348316, 145536, 2348316, 145536
/Game/Playsets/PID_CP_GroundFloor_S_Dirt_a, 1482979, 91008, 1482979, 91008
/Game/Playsets/PID_CP_GroundFloor_S_Forest_a, 2886599, 132644, 2886599, 132644
/Game/Playsets/PID_CP_GroundFloor_S_Grass_a, 1398956, 92264, 1398956, 92264
/Game/Playsets/PID_CP_GroundFloor_S_Grass_b, 4010509, 127328, 4010509, 127328
/Game/Playsets/PID_CP_GroundFloor_S_Grass_c, 4014349, 127328, 4014349, 127328
/Game/Playsets/PID_CP_GroundFloor_S_Grass_d, 4008341, 127328, 4008341, 127328
/Game/Playsets/PID_CP_GroundFloor_S_Grass_e, 4185045, 154912, 4185045, 154912
/Game/Playsets/PID_CP_GroundFloor_S_Ice_a, 743102, 85464, 743102, 85464
/Game/Playsets/PID_CP_GroundFloor_S_IceCastle_a, 2379057, 56960, 2379057, 56960
/Game/Playsets/PID_CP_GroundFloor_S_Lava_a, 2959569, 98208, 2959569, 98208
/Game/Playsets/PID_CP_GroundFloor_S_Sand_a, 2692133, 124344, 2692133, 124344
/Game/Playsets/PID_CP_GroundFloor_S_Sand_b, 4335596, 206096, 4335596, 206096
/Game/Playsets/PID_CP_GroundFloor_S_Snow_a, 1824103, 90960, 1824103, 90960
/Game/Playsets/PID_CP_GroundFloor_S_Snow_b, 2040176, 90592, 2040176, 90592
/Game/Playsets/PID_CP_GroundFloor_S_TRV_Swamp_Grass_a, 5742730, 230896, 5742730, 230896
/Game/Playsets/PID_CP_GroundFloor_S_WavySand_a, 1465602, 90960, 1465602, 90960
/Game/Playsets/PID_CP_HauntedHills_M_HauntedTomb, 5458721, 958021, 5458721, 958024
/Game/Playsets/PID_CP_HeroVillain_Lair_Gallery_a, 5709826, 465718, 5709826, 465720
/Game/Playsets/PID_CP_HeroVillain_Lair_Gallery_b, 7958952, 658981, 7958952, 658984
/Game/Playsets/PID_CP_HeroVillain_Mansion_Gallery_a, 6573972, 642687, 6573972, 642696
/Game/Playsets/PID_CP_HeroVillain_Mansion_Gallery_b, 7662029, 719454, 7662029, 719456
/Game/Playsets/PID_CP_HeroVillain_XL_Lair_a, 31093898, 5457531, 31093898, 5457536
/Game/Playsets/PID_CP_HeroVillain_XL_Lair_b, 25289541, 4635072, 25289541, 4635072
/Game/Playsets/PID_CP_HeroVillain_XL_Mansion_a, 29381250, 5170416, 29381250, 5170436
/Game/Playsets/PID_CP_HeroVillain_XL_Mansion_b, 26929466, 4725105, 26929466, 4725108
/Game/Playsets/PID_CP_HH_Gallery_a, 10521659, 324112, 10521659, 324112
/Game/Playsets/PID_CP_HH_M_GrimRuins_a, 10813628, 1545440, 10813628, 1545440
/Game/Playsets/PID_CP_HH_S_AbandonedDwelling_a, 8879964, 629616, 8879964, 629616
/Game/Playsets/PID_CP_HH_S_HillshadeHouse_a, 10244747, 501623, 10244747, 501624
/Game/Playsets/PID_CP_Igloo_Gallery_a, 25777174, 510151, 25777174, 510152
/Game/Playsets/PID_CP_Igloo_M_Chair_a, 5237066, 1168239, 5237066, 1168240
/Game/Playsets/PID_CP_Igloo_S_House_a, 4371091, 244536, 4371091, 244536
/Game/Playsets/PID_CP_Igloo_S_House_b, 2597928, 255662, 2597928, 255664
/Game/Playsets/PID_CP_Igloo_S_House_c, 6578021, 300616, 6578021, 300616
/Game/Playsets/PID_CP_Igloo_XL_Hotel_a, 25724982, 4642928, 25724982, 4642928
/Game/Playsets/PID_CP_Invasion_Gallery_a, 2641489, 279624, 2641489, 279624
/Game/Playsets/PID_CP_JungleTemple_Gallery_a, 9714982, 295368, 9714982, 295368
/Game/Playsets/PID_CP_JungleTemple_Gallery_b, 6086429, 697471, 6086429, 697472
/Game/Playsets/PID_CP_JungleTemple_L_Pyramid_a, 15026256, 2994785, 15026256, 2994788
/Game/Playsets/PID_CP_JungleTemple_M_Courtyard_a, 12326233, 1751321, 12326233, 1751328
/Game/Playsets/PID_CP_JungleTemple_M_Temple_a, 17000464, 1749403, 17000464, 1749408
/Game/Playsets/PID_CP_JungleTemple_S_Shrine_a, 5453019, 344534, 5453019, 344536
/Game/Playsets/PID_CP_JungleTemple_S_Shrine_b, 18456526, 1096140, 18456526, 1096140
/Game/Playsets/PID_CP_JungleTemple_XL_Pyramid_a, 16335267, 4950992, 16335267, 4951008
/Game/Playsets/PID_CP_JunkJunction_M_Warehouse_a, 10108805, 1327112, 10108805, 1327112
/Game/Playsets/PID_CP_JunkJunction_S_Garage_a, 3932538, 540722, 3932538, 540736
/Game/Playsets/PID_CP_JunkJunction_S_LoadingDock_a, 6059251, 483532, 6059251, 483532
/Game/Playsets/PID_CP_Kevin_L_LakeIsland_01, 54152692, 4102842, 54152692, 4102845
/Game/Playsets/PID_CP_Kevin_L_LakeIsland_02a, 22843273, 151290, 22843273, 151291
/Game/Playsets/PID_CP_Kevin_L_LakeIsland_02b, 14248045, 436880, 14248045, 436880
/Game/Playsets/PID_CP_Kevin_L_LakeIsland_02c, 25822744, 1854479, 25822744, 1854483
/Game/Playsets/PID_CP_Kevin_S_Building_Gallery_LakeHouse_a, 5073008, 277868, 5073008, 277868
/Game/Playsets/PID_CP_Kevin_S_Building_Gallery_LakeHouse_b, 3025948, 140976, 3025948, 140980
/Game/Playsets/PID_CP_LazyLinks_Gallery_a, 5559968, 750115, 5559968, 750116
/Game/Playsets/PID_CP_Lighthouse_Gallery_a, 6371237, 119660, 6371237, 119660
/Game/Playsets/PID_CP_Lighthouse_Gallery_b, 6238079, 271620, 6238079, 271620
/Game/Playsets/PID_CP_Lighthouse_M_KeepersHouse_a, 22363164, 1648983, 22363164, 1648989
/Game/Playsets/PID_CP_Lighthouse_S_Dock_a, 4934112, 316476, 4934112, 316476
/Game/Playsets/PID_CP_Lighthouse_S_Tower_a, 9628975, 687065, 9628975, 687068
/Game/Playsets/PID_CP_Military_L_Outpost_a, 24064935, 3755592, 24064935, 3755596
/Game/Playsets/PID_CP_Military_M_Compound_a, 19446800, 2315091, 19446800, 2315092
/Game/Playsets/PID_CP_Military_M_Hangar_a, 14306397, 1936274, 14306397, 1936276
/Game/Playsets/PID_CP_Military_M_Hangar_b, 17329440, 2390947, 17329440, 2390948
/Game/Playsets/PID_CP_Military_S_Gallery_AppleGreen_a, 6581041, 542904, 6581041, 542904
/Game/Playsets/PID_CP_Military_S_Gallery_AppleGreen_b, 25326086, 411120, 25326086, 411120
/Game/Playsets/PID_CP_Military_S_Gallery_Golden_a, 6581041, 542903, 6581041, 542904
/Game/Playsets/PID_CP_Military_S_Gallery_Golden_b, 25326086, 411120, 25326086, 411120
/Game/Playsets/PID_CP_Military_S_Gallery_RedOrange_a, 6581041, 542904, 6581041, 542904
/Game/Playsets/PID_CP_Military_S_Gallery_RedOrange_b, 25326086, 411120, 25326086, 411120
/Game/Playsets/PID_CP_Military_S_Gallery_SkyBlue_a, 6581041, 579287, 6581041, 579288
/Game/Playsets/PID_CP_Military_S_Gallery_SkyBlue_b, 25108550, 417328, 25108550, 417328
/Game/Playsets/PID_CP_Military_S_Hangar_Gallery_a, 5354564, 325280, 5354564, 325280
/Game/Playsets/PID_CP_Military_S_WatchTower_a, 13330672, 1216104, 13330672, 1216104
/Game/Playsets/PID_CP_Military_XL_Hangar_a, 20992135, 4951666, 20992135, 4951676
/Game/Playsets/PID_CP_MovieSet_Gallery_a, 4070544, 229267, 4070544, 229268
/Game/Playsets/PID_CP_MovieSet_M_Docks_a, 10557925, 1665914, 10557925, 1665916
/Game/Playsets/PID_CP_MovieSet_M_Helo_a, 14323159, 1572134, 14323159, 1572136
/Game/Playsets/PID_CP_MovieSet_M_Warehouse_a, 8616061, 1433604, 8616061, 1433604
/Game/Playsets/PID_CP_MovieSet_S_Ceremony_a, 11363303, 555092, 11363303, 555092
/Game/Playsets/PID_CP_NeoTilted_Gallery_a, 5018224, 578552, 5018224, 578556
/Game/Playsets/PID_CP_NeoTilted_Gallery_b, 6626235, 1005364, 6626235, 1005372
/Game/Playsets/PID_CP_NeoTilted_Gallery_c, 4976527, 448778, 4976527, 448779
/Game/Playsets/PID_CP_NeoTilted_M_Commerical_a, 16517996, 1456585, 16517996, 1456592
/Game/Playsets/PID_CP_NeoTilted_M_Construction_a, 10386060, 1471549, 10386060, 1471552
/Game/Playsets/PID_CP_NeoTilted_S_ClockTower_a, 11536971, 812412, 11536971, 812412
/Game/Playsets/PID_CP_NeoTilted_S_GasStation_a, 6738016, 461913, 6738016, 461920
/Game/Playsets/PID_CP_NeoTilted_XL_Apartments_a, 31604692, 3636255, 31604692, 3636334
/Game/Playsets/PID_CP_NeoTilted_XL_DurrrBurger_a, 19783615, 3798092, 19783615, 3798095
/Game/Playsets/PID_CP_Oak_Gallery_a, 2917056, 300950, 2917056, 300952
/Game/Playsets/PID_CP_Oak_M_Shelter_a, 9837283, 1601948, 9837283, 1601948
/Game/Playsets/PID_CP_Oak_M_Shelter_b, 8863092, 1020168, 8863092, 1020168
/Game/Playsets/PID_CP_Oak_M_Stacks_a, 21989482, 1155238, 21989482, 1155240
/Game/Playsets/PID_CP_Oak_S_Shelter_a, 6335918, 639552, 6335918, 639552
/Game/Playsets/PID_CP_Oak_S_Stacks_a, 13426267, 754832, 13426267, 754832
/Game/Playsets/PID_CP_Oak_S_Stacks_b, 20363035, 480304, 20363035, 480304
/Game/Playsets/PID_CP_Obstacle_Course_G_Black, 4415950, 403952, 4415950, 403952
/Game/Playsets/PID_CP_Obstacle_Course_G_Blue, 4415950, 403952, 4415950, 403952
/Game/Playsets/PID_CP_Obstacle_Course_G_Green, 4415950, 403952, 4415950, 403952
/Game/Playsets/PID_CP_Obstacle_Course_G_GripTape, 3974893, 282000, 3974893, 282000
/Game/Playsets/PID_CP_Obstacle_Course_G_Orange, 4415950, 403952, 4415950, 403952
/Game/Playsets/PID_CP_Obstacle_Course_G_Purple, 4415950, 403952, 4415950, 403952
/Game/Playsets/PID_CP_Obstacle_Course_G_Red, 4415950, 403952, 4415950, 403952
/Game/Playsets/PID_CP_Obstacle_Course_G_Stairs, 3186925, 54728, 3186925, 54728
/Game/Playsets/PID_CP_Obstacle_Course_G_White, 4415950, 403952, 4415950, 403952
/Game/Playsets/PID_CP_Ocean_Gallery_a, 26918165, 908912, 26918165, 908912
/Game/Playsets/PID_CP_Ocean_Gallery_b, 8230124, 1732126, 8230124, 1732132
/Game/Playsets/PID_CP_Ocean_Gallery_c, 6332190, 563797, 6332190, 563804
/Game/Playsets/PID_CP_Ocean_Gallery_d, 4064076, 413873, 4064076, 413876
/Game/Playsets/PID_CP_Ocean_Gallery_e, 3015068, 1265113, 3015068, 1265116
/Game/Playsets/PID_CP_Ocean_Gallery_f, 3015068, 1265112, 3015068, 1265116
/Game/Playsets/PID_CP_Ocean_Gallery_g, 874350, 538639, 874350, 538644
/Game/Playsets/PID_CP_Ocean_Gallery_h, 3015068, 1265112, 3015068, 1265116
/Game/Playsets/PID_CP_Ocean_Gallery_i, 3015068, 1265112, 3015068, 1265116
/Game/Playsets/PID_CP_Ocean_XL_Agency_a, 17428866, 9742035, 17428866, 9742036
/Game/Playsets/PID_CP_Ocean_XL_Agency_b, 11156403, 4349287, 11156403, 4349344
/Game/Playsets/PID_CP_Ocean_XL_Yacht_a, 81878816, 9844326, 81878816, 9844328
/Game/Playsets/PID_CP_OilRig_Gallery_a, 3398586, 577432, 3398586, 577432
/Game/Playsets/PID_CP_OilRig_Gallery_c, 2774459, 990796, 2774459, 990792
/Game/Playsets/PID_CP_OilRig_Gallery_d, 971534, 1079145, 971534, 1079112
/Game/Playsets/PID_CP_OilRig_Gallery_e, 2413163, 1295105, 2413163, 1295104
/Game/Playsets/PID_CP_OilRig_L_RigHouse_a, 25715697, 2494086, 25715697, 2494086
/Game/Playsets/PID_CP_OilRig_M_Drill_a, 14441069, 2081960, 14441069, 2081960
/Game/Playsets/PID_CP_OilRig_M_LiftStation_a, 15929091, 2179555, 15929091, 2179564
/Game/Playsets/PID_CP_OilRig_M_RigHouse_a, 15355533, 1681727, 15355533, 1681720
/Game/Playsets/PID_CP_OilRig_M_RigHouse_b, 14871824, 1945494, 14871824, 1945544
/Game/Playsets/PID_CP_ParadisePalms_Gallery_a, 4763360, 818100, 4763360, 818100
/Game/Playsets/PID_CP_ParadisePalms_L_Hotel_a, 10797497, 2594994, 10797497, 2595004
/Game/Playsets/PID_CP_ParadisePalms_M_ComputerCafe_a, 7180196, 1049493, 7180196, 1049508
/Game/Playsets/PID_CP_ParadisePalms_M_Dealership_a, 10105234, 986923, 10105234, 986936
/Game/Playsets/PID_CP_ParadisePalms_M_House_a, 10891646, 1149097, 10891646, 1149097
/Game/Playsets/PID_CP_ParadisePalms_M_Pool_a, 10240680, 1283125, 10240680, 1283128
/Game/Playsets/PID_CP_Pirates_Gallery_a, 7260296, 373599, 7260296, 373600
/Game/Playsets/PID_CP_Pirates_L_Pirate_House_a, 14452611, 2144411, 14452611, 2144412
/Game/Playsets/PID_CP_Pirates_M_Dock, 6446660, 1063956, 6446660, 1063968
/Game/Playsets/PID_CP_Pirates_M_Inn, 13653646, 1988592, 13653646, 1988616
/Game/Playsets/PID_CP_Pirates_M_Pirate_Camp_a, 15392537, 1897608, 15392537, 1897608
/Game/Playsets/PID_CP_Pirates_M_Shop, 10663854, 908723, 10663854, 908728
/Game/Playsets/PID_CP_Pirates_M_Watchtower, 12848835, 1176332, 12848835, 1176336
/Game/Playsets/PID_CP_Pirates_S_Pirate_Hut_a, 7135069, 579024, 7135069, 579024
/Game/Playsets/PID_CP_Pirates_Ship_Gallery, 25907241, 555560, 25907241, 555560
/Game/Playsets/PID_CP_Pirates_XL_Ship_a, 43691499, 5418160, 43691499, 5418160
/Game/Playsets/PID_CP_PowerPlant_Gallery_a, 688450, 420849, 688450, 420872
/Game/Playsets/PID_CP_PowerPlant_Gallery_Blue_a, 5356269, 820808, 5356269, 820808
/Game/Playsets/PID_CP_PowerPlant_Gallery_Green_a, 5543168, 820808, 5543168, 820808
/Game/Playsets/PID_CP_PowerPlant_Gallery_Orange_a, 5247170, 670857, 5247170, 670860
/Game/Playsets/PID_CP_PowerPlant_Gallery_Purple_a, 6287452, 855816, 6287452, 855816
/Game/Playsets/PID_CP_PowerPlant_L_Pumphouse_a, 13499141, 3470797, 13499141, 3470808
/Game/Playsets/PID_CP_PowerPlant_L_Turbine_a, 14200675, 2660316, 14200675, 2660320
/Game/Playsets/PID_CP_PowerPlant_M_Transformer_a, 11427220, 1163519, 11427220, 1163520
/Game/Playsets/PID_CP_PowerPlant_XL_Reactor_a, 24312817, 5799612, 24312817, 5799632
/Game/Playsets/PID_CP_PrincessCastle_Gallery_a, 9450864, 883518, 9450864, 883520
/Game/Playsets/PID_CP_PrincessCastle_Gallery_b, 9450864, 883518, 9450864, 883520
/Game/Playsets/PID_CP_PrincessCastle_Gallery_c, 9450864, 883518, 9450864, 883520
/Game/Playsets/PID_CP_PrincessCastle_Gallery_d, 9451105, 879992, 9451105, 879992
/Game/Playsets/PID_CP_PrincessCastle_Gallery_e, 2095616, 232743, 2095616, 232744
/Game/Playsets/PID_CP_PrincessCastle_Gallery_f, 2095616, 227072, 2095616, 227072
/Game/Playsets/PID_CP_PrincessCastle_Gallery_g, 2095616, 227072, 2095616, 227072
/Game/Playsets/PID_CP_PrincessCastle_Gallery_h, 14260321, 436094, 14260321, 436096
/Game/Playsets/PID_CP_PrincessCastle_Gallery_i, 9450864, 883518, 9450864, 883520
/Game/Playsets/PID_CP_PrincessCastle_L_Castle, 18779355, 4202536, 18779355, 4202536
/Game/Playsets/PID_CP_PrincessCastle_M_Castle_b, 18124815, 1213542, 18124815, 1213544
/Game/Playsets/PID_CP_PrincessCastle_S_Fountain, 7510673, 293085, 7510673, 293088
/Game/Playsets/PID_CP_PrincessCastle_S_Gate, 4668367, 567688, 4668367, 567688
/Game/Playsets/PID_CP_PrincessCastle_S_Intersection, 3013013, 450277, 3013013, 450280
/Game/Playsets/PID_CP_PrincessCastle_S_Straight, 2592567, 253270, 2592567, 253272
/Game/Playsets/PID_CP_PrincessCastle_S_Tower, 12802741, 646712, 12802741, 646712
/Game/Playsets/PID_CP_PrincessCastle_XL_Castle, 26652482, 7577366, 26652482, 7577392
/Game/Playsets/PID_CP_Prop_Monument_a, 2810874, 14424, 2810874, 14424
/Game/Playsets/PID_CP_Props_Kevin_Cube, 17305877, 31096, 17305877, 31096
/Game/Playsets/PID_CP_Props_M_ArtDeco_a, 16842047, 1253056, 16842047, 1253056
/Game/Playsets/PID_CP_Props_M_BlackMonday_a, 22735166, 801198, 22735166, 801198
/Game/Playsets/PID_CP_Props_M_Fortilla_a, 79962746, 1755661, 79962746, 1755669
/Game/Playsets/PID_CP_Props_M_HeroVillain_a, 17018702, 813703, 17018702, 813704
/Game/Playsets/PID_CP_Props_M_Invasion_a, 25051134, 1462105, 25051134, 1462104
/Game/Playsets/PID_CP_Props_M_Military_Lights_a, 1421203, 115920, 1421203, 115920
/Game/Playsets/PID_CP_Props_M_OilRig_a, 46085942, 1568972, 46085942, 1568972
/Game/Playsets/PID_CP_Props_M_PowerPlant_a, 31286581, 1013740, 31286581, 1013740
/Game/Playsets/PID_CP_Props_M_PrimitiveShapes_a, 12644714, 1721884, 12644714, 1721884
/Game/Playsets/PID_CP_Props_M_WeepingWoods_a, 39351258, 1167368, 39351258, 1167368
/Game/Playsets/PID_CP_Props_M_Yacht_a, 52594244, 1322192, 52594244, 1322192
/Game/Playsets/PID_CP_Props_S_Agency_a, 19325041, 597992, 19325041, 597992
/Game/Playsets/PID_CP_Props_S_Ambient_b, 3464482, 258488, 3464482, 258488
/Game/Playsets/PID_CP_Props_S_ArtDeco_a, 5351542, 641457, 5351542, 641464
/Game/Playsets/PID_CP_Props_S_Beacon_a, 1626415, 422184, 1626415, 422184
/Game/Playsets/PID_CP_Props_S_BlackGlass_a, 4293650, 44784, 4293650, 44784
/Game/Playsets/PID_CP_Props_S_BlockParty_a, 675262, 72096, 675262, 72096
/Game/Playsets/PID_CP_Props_S_Cabins_a, 9113891, 298256, 9113891, 298256
/Game/Playsets/PID_CP_Props_S_Cars_b, 7691310, 553158, 7691310, 553152
/Game/Playsets/PID_CP_Props_S_Cars_c, 8123454, 709720, 8123454, 709720
/Game/Playsets/PID_CP_Props_S_Cars_d, 23684773, 486514, 23684773, 486512
/Game/Playsets/PID_CP_Props_S_Cattus_a, 5879639, 576374, 5879639, 576376
/Game/Playsets/PID_CP_Props_S_Cliffs_a, 8083033, 301684, 8083033, 301684
/Game/Playsets/PID_CP_Props_S_Cliffs_b, 6804482, 282372, 6804482, 282372
/Game/Playsets/PID_CP_Props_S_Cliffs_c, 7805341, 280588, 7805341, 280588
/Game/Playsets/PID_CP_Props_S_Cliffs_d, 8279768, 303108, 8279768, 303108
/Game/Playsets/PID_CP_Props_S_Cliffs_e, 8069680, 302956, 8069680, 302956
/Game/Playsets/PID_CP_Props_S_Cliffs_f, 3195058, 183048, 3195058, 183048
/Game/Playsets/PID_CP_Props_S_Cliffs_g, 8382825, 301420, 8382825, 301420
/Game/Playsets/PID_CP_Props_S_Coliseum_a, 13440376, 379160, 13440376, 379160
/Game/Playsets/PID_CP_Props_S_Coliseum_b, 3171478, 125640, 3171478, 125640
/Game/Playsets/PID_CP_Props_S_CoralCastle_a, 14722247, 428828, 14722247, 428828
/Game/Playsets/PID_CP_Props_S_CoralCove_a, 14894531, 264656, 14894531, 264656
/Game/Playsets/PID_CP_Props_S_CraggyCliffs_a, 27794134, 1096308, 27794134, 1096308
/Game/Playsets/PID_CP_Props_S_Decal_a, 517557, 178144, 517557, 178144
/Game/Playsets/PID_CP_Props_S_Diners_a, 21327805, 661699, 21327805, 661700
/Game/Playsets/PID_CP_Props_S_Diners_b, 13311481, 681504, 13311481, 681504
/Game/Playsets/PID_CP_Props_S_Dinos_a, 5317891, 31440, 5317891, 31440
/Game/Playsets/PID_CP_Props_S_Doggus_a, 21911977, 640080, 21911977, 640080
/Game/Playsets/PID_CP_Props_S_Doggus_b, 21911977, 640080, 21911977, 640080
/Game/Playsets/PID_CP_Props_S_Doors_Gallery_a, 10359212, 288008, 10359212, 288008
/Game/Playsets/PID_CP_Props_S_Dunes_a, 232272, 34760, 232272, 34760
/Game/Playsets/PID_CP_Props_S_Dusty_a, 41775333, 827741, 41775333, 827742
/Game/Playsets/PID_CP_Props_S_Eggs_a, 491797, 248024, 491797, 248024
/Game/Playsets/PID_CP_Props_S_EGO_a, 25215420, 608647, 25215420, 608649
/Game/Playsets/PID_CP_Props_S_FoliageV2_a, 10314224, 44200, 10314224, 44200
/Game/Playsets/PID_CP_Props_S_FoliageV2_b, 6496554, 40640, 6496554, 40640
/Game/Playsets/PID_CP_Props_S_FoliageV2_c, 13460439, 78464, 13460439, 78464
/Game/Playsets/PID_CP_Props_S_FoliageV2_d, 14539112, 43016, 14539112, 43016
/Game/Playsets/PID_CP_Props_S_FoliageV2_e, 12378141, 41968, 12378141, 41968
/Game/Playsets/PID_CP_Props_S_FoliageV2_f, 6758590, 163552, 6758590, 163552
/Game/Playsets/PID_CP_Props_S_Fort_a, 5924617, 165524, 5924617, 165524
/Game/Playsets/PID_CP_Props_S_FrenzyFarm_a, 29918478, 900608, 29918478, 900608
/Game/Playsets/PID_CP_Props_S_Glass_a, 2085794, 218011, 2085794, 218012
/Game/Playsets/PID_CP_Props_S_Halloween_a, 26345578, 522016, 26345578, 522016
/Game/Playsets/PID_CP_Props_S_Halloween_b, 5381068, 403714, 5381068, 403714
/Game/Playsets/PID_CP_Props_S_HauntedHills_a, 8042292, 159720, 8042292, 159720
/Game/Playsets/PID_CP_Props_S_HubV2Logos_a, 84054, 35552, 84054, 35552
/Game/Playsets/PID_CP_Props_S_JungleTemple_a, 14774641, 256392, 14774641, 256392
/Game/Playsets/PID_CP_Props_S_JunkJunction_a, 14085967, 205232, 14085967, 205232
/Game/Playsets/PID_CP_Props_S_Kevin_a, 8193449, 134305, 8193449, 134308
/Game/Playsets/PID_CP_Props_S_Kevin_b, 10884164, 300712, 10884164, 300712
/Game/Playsets/PID_CP_Props_S_Kevin_Island_a, 3856559, 16344, 3856559, 16344
/Game/Playsets/PID_CP_Props_S_Kevin_Island_b, 3238986, 44832, 3238986, 44832
/Game/Playsets/PID_CP_Props_S_Lava_Tiles_a, 2554616, 75352, 2554616, 75352
/Game/Playsets/PID_CP_Props_S_Lighthouse_a, 18829951, 556033, 18829951, 556033
/Game/Playsets/PID_CP_Props_S_Mall_a, 22577453, 505844, 22577453, 505851
/Game/Playsets/PID_CP_Props_S_Meteor_a, 23877179, 468708, 23877179, 468708
/Game/Playsets/PID_CP_Props_S_Meteor_b, 9326190, 19808, 9326190, 19808
/Game/Playsets/PID_CP_Props_S_Meteor_c, 18613633, 341022, 18613633, 341022
/Game/Playsets/PID_CP_Props_S_Military_a, 8119099, 272536, 8119099, 272536
/Game/Playsets/PID_CP_Props_S_MineCart_Gallery_a, 3185918, 69983, 3185918, 69984
/Game/Playsets/PID_CP_Props_S_MovieSet_a, 10476605, 166016, 10476605, 166016
/Game/Playsets/PID_CP_Props_S_Nature_h, 17061217, 128020, 17061217, 128020
/Game/Playsets/PID_CP_Props_S_Nature_i, 6464759, 132984, 6464759, 132984
/Game/Playsets/PID_CP_Props_S_Nature_j, 8560967, 53716, 8560967, 53716
/Game/Playsets/PID_CP_Props_S_Nature_k, 5341755, 130932, 5341755, 130932
/Game/Playsets/PID_CP_Props_S_Nature_l, 13735029, 120816, 13735029, 120816
/Game/Playsets/PID_CP_Props_S_Nature_m, 7010307, 127427, 7010307, 127428
/Game/Playsets/PID_CP_Props_S_Nature_n, 4527689, 27088, 4527689, 27088
/Game/Playsets/PID_CP_Props_S_Nature_o, 8275379, 106952, 8275379, 106952
/Game/Playsets/PID_CP_Props_S_NeoTilted_a, 47876646, 910808, 47876646, 910808
/Game/Playsets/PID_CP_Props_S_NeoTilted_Cars_a, 7005709, 460654, 7005709, 460648
/Game/Playsets/PID_CP_Props_S_NeoTilted_Holos_a, 434380, 760830, 434380, 760830
/Game/Playsets/PID_CP_Props_S_NoCollision_a, 3166651, 144408, 3166651, 144408
/Game/Playsets/PID_CP_Props_S_NR_Square_Pyramid_4x, 26067, 414288, 26067, 414288
/Game/Playsets/PID_CP_Props_S_NR_Square_Pyramid_a, 26067, 414288, 26067, 414288
/Game/Playsets/PID_CP_Props_S_NR_Triangular_Pyramid_4x, 25515, 414288, 25515, 414288
/Game/Playsets/PID_CP_Props_S_NR_Triangular_Pyramid_a, 25515, 414288, 25515, 414288
/Game/Playsets/PID_CP_Props_S_Numbers_Gallery_a, 1548788, 499200, 1548788, 499200
/Game/Playsets/PID_CP_Props_S_Oak_a, 9683210, 460772, 9683210, 460776
/Game/Playsets/PID_CP_Props_S_Oak_b, 20705178, 151320, 20705178, 151320
/Game/Playsets/PID_CP_Props_S_Oak_c, 38853764, 516472, 38853764, 516472
/Game/Playsets/PID_CP_Props_S_Oak_d, 9364150, 56736, 9364150, 56736
/Game/Playsets/PID_CP_Props_S_Oak_e, 3805127, 93792, 3805127, 93792
/Game/Playsets/PID_CP_Props_S_OilRig_a, 2442474, 52776, 2442474, 52776
/Game/Playsets/PID_CP_Props_S_ParadisePalms_a, 8833542, 341781, 8833542, 341781
/Game/Playsets/PID_CP_Props_S_Particles_a, 2395407, 106589, 2395407, 106589
/Game/Playsets/PID_CP_Props_S_Particles_b, 3587278, 68468, 3587278, 68468
/Game/Playsets/PID_CP_Props_S_Particles_c, 522555, 87855, 522555, 87855
/Game/Playsets/PID_CP_Props_S_Pillar_Gallery_a, 3339024, 236928, 3339024, 236928
/Game/Playsets/PID_CP_Props_S_Pirates_a, 28427025, 476528, 28427025, 476528
/Game/Playsets/PID_CP_Props_S_Plane_a, 8158216, 76560, 8158216, 76560
/Game/Playsets/PID_CP_Props_S_PowerPlant_a, 3812357, 50856, 3812357, 50856
/Game/Playsets/PID_CP_Props_S_PrincessCastle_a, 34489912, 1169792, 34489912, 1169792
/Game/Playsets/PID_CP_Props_S_PrincessCastle_b, 6481094, 127255, 6481094, 127256
/Game/Playsets/PID_CP_Props_S_PropHunt_a, 20622775, 404020, 20622775, 404020
/Game/Playsets/PID_CP_Props_S_PropHunt_b, 5800036, 389765, 5800036, 389768
/Game/Playsets/PID_CP_Props_S_PropHunt_c, 17921523, 603112, 17921523, 603112
/Game/Playsets/PID_CP_Props_S_Pueblo_a, 7712568, 255048, 7712568, 255048
/Game/Playsets/PID_CP_Props_S_RaceTrack_a, 17956648, 549228, 17956648, 549228
/Game/Playsets/PID_CP_Props_S_Retail_b, 12699343, 322360, 12699343, 322360
/Game/Playsets/PID_CP_Props_S_Retail_c, 15081102, 468588, 15081102, 468588
/Game/Playsets/PID_CP_Props_S_Retail_d, 15090406, 609388, 15090406, 609388
/Game/Playsets/PID_CP_Props_S_Right_Triangular_Prism, 24088, 414288, 24088, 414288
/Game/Playsets/PID_CP_Props_S_Right_Triangular_Prism_4x, 24088, 414288, 24088, 414288
/Game/Playsets/PID_CP_Props_S_RocksV2_a, 10596229, 216288, 10596229, 216288
/Game/Playsets/PID_CP_Props_S_Scorched_a, 6039909, 41056, 6039909, 41056
/Game/Playsets/PID_CP_Props_S_SevenPoint_Cube_4x, 24641, 414288, 24641, 414288
/Game/Playsets/PID_CP_Props_S_SevenPoint_Cube_a, 24641, 414288, 24641, 414288
/Game/Playsets/PID_CP_Props_S_Shark_a, 5031119, 34848, 5031119, 34848
/Game/Playsets/PID_CP_Props_S_Shark_b, 5031119, 34848, 5031119, 34848
/Game/Playsets/PID_CP_Props_S_Shark_c, 48307606, 1348404, 48307606, 1348404
/Game/Playsets/PID_CP_Props_S_SlurpySwamp_a, 34056994, 841020, 34056994, 841020
/Game/Playsets/PID_CP_Props_S_SlurpySwamp_b, 2600230, 190560, 2600230, 190560
/Game/Playsets/PID_CP_Props_S_Snowman_a, 6141110, 325920, 6141110, 325920
/Game/Playsets/PID_CP_Props_S_Spooky_a, 11088557, 335064, 11088557, 335064
/Game/Playsets/PID_CP_Props_S_Spooky_Alphanumeric_a, 5855790, 2328200, 5855790, 2328200
/Game/Playsets/PID_CP_Props_S_Square_Pyramid_4x, 24863, 414288, 24863, 414288
/Game/Playsets/PID_CP_Props_S_Square_Pyramid_a, 24863, 414288, 24863, 414288
/Game/Playsets/PID_CP_Props_S_SweatySands_a, 28370956, 1042646, 28370956, 1042648
/Game/Playsets/PID_CP_Props_S_Target_Gallery_a, 1651725, 81136, 1651725, 81136
/Game/Playsets/PID_CP_Props_S_TomatoTemple_a, 7084774, 75632, 7084774, 75632
/Game/Playsets/PID_CP_Props_S_Triangular_Prism_4x, 26390, 414288, 26390, 414288
/Game/Playsets/PID_CP_Props_S_Triangular_Prism_a, 26390, 414288, 26390, 414288
/Game/Playsets/PID_CP_Props_S_TRV_a, 34048819, 873424, 34048819, 873424
/Game/Playsets/PID_CP_Props_S_UR_Triangular_Prism_4x, 25193, 414288, 25193, 414288
/Game/Playsets/PID_CP_Props_S_UR_Triangular_Prism_a, 25193, 414288, 25193, 414288
/Game/Playsets/PID_CP_Props_S_Vikings_a, 10242359, 178516, 10242359, 178516
/Game/Playsets/PID_CP_Props_S_Visualizer_b, 8619627, 1168064, 8619627, 1168064
/Game/Playsets/PID_CP_Props_S_WildWest_a, 26005734, 878220, 26005734, 878224
/Game/Playsets/PID_CP_Props_S_WoodHouse_a, 24305739, 532072, 24305739, 532072
/Game/Playsets/PID_CP_Props_S_ZPShards_a, 4673494, 98992, 4673494, 98992
/Game/Playsets/PID_CP_Pueblo_Gallery_a, 4112416, 561551, 4112416, 561552
/Game/Playsets/PID_CP_Pueblo_M_Stack_a, 6401859, 1267381, 6401859, 1267384
/Game/Playsets/PID_CP_Pueblo_S_BellTower_a, 2518413, 348112, 2518413, 348112
/Game/Playsets/PID_CP_Pueblo_S_Stack_a, 5879181, 691104, 5879181, 691104
/Game/Playsets/PID_CP_Pueblo_S_Stack_b, 3735885, 449640, 3735885, 449640
/Game/Playsets/PID_CP_Pueblo_S_Stack_c, 4102044, 590526, 4102044, 590528
/Game/Playsets/PID_CP_Pueblo_S_Stack_d, 3497340, 357307, 3497340, 357312
/Game/Playsets/PID_CP_RaceTrack_Gallery_a, 2781271, 630252, 2781271, 630252
/Game/Playsets/PID_CP_RaceTrack_L_RaceCenter_a, 10956628, 2114623, 10956628, 2114652
/Game/Playsets/PID_CP_RaceTrack_M_Garage_a, 7334064, 1387880, 7334064, 1387884
/Game/Playsets/PID_CP_RaceTrack_S_Stands_a, 5124063, 642432, 5124063, 642436
/Game/Playsets/PID_CP_Relevancy_TEST, 3765951, 518856, 3765951, 518856
/Game/Playsets/PID_CP_Ring_Gallery_a, 1498521, 547920, 1498521, 547920
/Game/Playsets/PID_CP_Ring_Gallery_b, 1498521, 730560, 1498521, 730560
/Game/Playsets/PID_CP_RuinedTilted_Gallery_a, 1198716, 369408, 1198716, 369408
/Game/Playsets/PID_CP_RuinedTilted_Gallery_b, 5121877, 527565, 5121877, 527568
/Game/Playsets/PID_CP_RuinedTilted_M_Apartment_a, 18618302, 1212017, 18618302, 1212028
/Game/Playsets/PID_CP_RuinedTilted_S_Apartment_a, 4170950, 581514, 4170950, 581516
/Game/Playsets/PID_CP_RuinedTilted_S_Apartment_b, 4335679, 456835, 4335679, 456836
/Game/Playsets/PID_CP_RuinedTilted_S_ClockTower_a, 1873389, 91448, 1873389, 91448
/Game/Playsets/PID_CP_RuinedTilted_S_Park_a, 3260788, 226918, 3260788, 226920
/Game/Playsets/PID_CP_RuinedTilted_S_Store_a, 3461239, 240328, 3461239, 240328
/Game/Playsets/PID_CP_RuinedTilted_XL_Shops_a, 14744738, 3831657, 14744738, 3831688
/Game/Playsets/PID_CP_SlurpySwamp_BuildingGallery_a2, 4479436, 1236847, 4479436, 1236848
/Game/Playsets/PID_CP_SlurpySwamp_BuildingGallery_b, 6275272, 636620, 6275272, 636620
/Game/Playsets/PID_CP_SlurpySwamp_M_Depot_a, 8942417, 1019263, 8942417, 1019276
/Game/Playsets/PID_CP_SlurpySwamp_M_Depot_b, 6649862, 1038399, 6649862, 1038400
/Game/Playsets/PID_CP_SlurpySwamp_M_Factory_a, 12277675, 1296597, 12277675, 1296612
/Game/Playsets/PID_CP_SlurpySwamp_S_Office_a, 2887810, 512050, 2887810, 512052
/Game/Playsets/PID_CP_SlurpySwamp_S_Refinery_a, 5115303, 413803, 5115303, 413804
/Game/Playsets/PID_CP_SlurpySwamp_S_Station_a, 8452316, 553647, 8452316, 553652
/Game/Playsets/PID_CP_SlurpySwamp_XL_Factory_a, 34575468, 7290543, 34575468, 7290604
/Game/Playsets/PID_CP_Spooky_S_Gallery_a, 1660473, 260663, 1660473, 260700
/Game/Playsets/PID_CP_Spooky_S_Gallery_b, 4358489, 1497356, 4358489, 1497396
/Game/Playsets/PID_CP_Spooky_XL_Mansion_a, 65454622, 6362415, 65454622, 6362416
/Game/Playsets/PID_CP_Standalone_FlushFactory_Gallery_a, 3810369, 341737, 3810369, 341740
/Game/Playsets/PID_CP_Standalone_L_Motel_a, 21766675, 1937989, 21766675, 1937992
/Game/Playsets/PID_CP_Standalone_L_RiskyReels_a, 30502355, 3098016, 30502355, 3098016
/Game/Playsets/PID_CP_Standalone_L_TomatoTemple_a, 16056507, 2398735, 16056507, 2398748
/Game/Playsets/PID_CP_Standalone_M_TruckStop_a, 11814377, 1408932, 11814377, 1408932
/Game/Playsets/PID_CP_Standalone_Mall_Gallery_a, 11209211, 1391012, 11209211, 1391012
/Game/Playsets/PID_CP_Standalone_Motel_Gallery_a, 7049949, 350972, 7049949, 350972
/Game/Playsets/PID_CP_Standalone_Prison_Gallery_a, 8192645, 505272, 8192645, 505280
/Game/Playsets/PID_CP_Standalone_RiskyReels_Gallery_a, 16800363, 679612, 16800363, 679612
/Game/Playsets/PID_CP_Standalone_S_Crackshot_a, 12892535, 839768, 12892535, 839768
/Game/Playsets/PID_CP_Standalone_S_Meteor_a, 27114350, 554335, 27114350, 554335
/Game/Playsets/PID_CP_Standalone_S_Snowman_a, 2365580, 130368, 2365580, 130368
/Game/Playsets/PID_CP_Standalone_TruckStop_Gallery_a, 10750941, 308552, 10750941, 308552
/Game/Playsets/PID_CP_Standalone_XL_FlushFactory_a, 17306929, 4489529, 17306929, 4489532
/Game/Playsets/PID_CP_Standalone_XL_Mall_a, 18915514, 8896351, 18915514, 8896351
/Game/Playsets/PID_CP_Standalone_XL_Prison_a, 31384695, 8688417, 31384695, 8688428
/Game/Playsets/PID_CP_SteelBridge_Gallery_Blue, 5802877, 188256, 5802877, 188256
/Game/Playsets/PID_CP_SteelBridge_Gallery_Green, 5802877, 188256, 5802877, 188256
/Game/Playsets/PID_CP_SteelBridge_Gallery_Purple, 5802877, 188256, 5802877, 188256
/Game/Playsets/PID_CP_SteelBridge_Gallery_Red, 5802877, 188256, 5802877, 188256
/Game/Playsets/PID_CP_SteelBridge_Gallery_Yellow, 5802877, 188256, 5802877, 188256
/Game/Playsets/PID_CP_Structures_Mine_Gallery_a, 4786216, 224347, 4786216, 224348
/Game/Playsets/PID_CP_Structures_S_Black_a, 3325220, 160488, 3325220, 160488
/Game/Playsets/PID_CP_Structures_S_Reflective_Black_a, 3357704, 160648, 3357704, 160648
/Game/Playsets/PID_CP_Structures_S_Variant_Wall_Gallery_a, 3641842, 962612, 3641842, 962612
/Game/Playsets/PID_CP_SweatySands_Gallery_a, 2287612, 201990, 2287612, 201992
/Game/Playsets/PID_CP_SweatySands_Gallery_b, 5571839, 397066, 5571839, 397080
/Game/Playsets/PID_CP_SweatySands_Gallery_c, 8716197, 1200807, 8716197, 1200828
/Game/Playsets/PID_CP_SweatySands_Gallery_d, 6035483, 1174271, 6035483, 1174288
/Game/Playsets/PID_CP_SweatySands_Gallery_e, 2224534, 805883, 2224534, 805884
/Game/Playsets/PID_CP_SweatySands_L_ResCom_a, 14145892, 2664140, 14145892, 2664160
/Game/Playsets/PID_CP_SweatySands_L_ResCom_b, 13601988, 2929913, 13601988, 2929940
/Game/Playsets/PID_CP_SweatySands_L_ResCom_c, 25123909, 2552425, 25123909, 2552428
/Game/Playsets/PID_CP_SweatySands_M_Apartments_a, 8314031, 891312, 8314031, 891312
/Game/Playsets/PID_CP_SweatySands_M_Duplex_a, 10815992, 1338950, 10815992, 1338952
/Game/Playsets/PID_CP_SweatySands_M_Skate_a, 8104515, 1273868, 8104515, 1273868
/Game/Playsets/PID_CP_TRV_L_Mansion_a, 28807535, 2699042, 28807535, 2699088
/Game/Playsets/PID_CP_TRV_L_Mansion_b, 27654166, 2149728, 27654166, 2149728
/Game/Playsets/PID_CP_TRV_M_Mansion_a, 32404096, 1647351, 32404096, 1647356
/Game/Playsets/PID_CP_TRV_Mansion_Gallery_a, 12102669, 1254612, 12102669, 1254628
/Game/Playsets/PID_CP_TRV_Mansion_Gallery_b, 17070545, 479916, 17070545, 479916
/Game/Playsets/PID_CP_TRV_Mansion_Gallery_c, 4446127, 372424, 4446127, 372424
/Game/Playsets/PID_CP_TRV_XL_Mansion_a, 47077802, 5749748, 47077802, 5749752
/Game/Playsets/PID_CP_Vikings_M_Longhouse_a, 8689666, 953340, 8689666, 953352
/Game/Playsets/PID_CP_Vikings_S_Gallery_a, 12957305, 271332, 12957305, 271332
/Game/Playsets/PID_CP_Vikings_S_Hut_a, 8211333, 276936, 8211333, 276936
/Game/Playsets/PID_CP_Vikings_S_Hut_b, 10476218, 420346, 10476218, 420348
/Game/Playsets/PID_CP_Vikings_S_Hut_c, 6635320, 284787, 6635320, 284788
/Game/Playsets/PID_CP_Vikings_S_Hut_d, 4017145, 279183, 4017145, 279184
/Game/Playsets/PID_CP_Vikings_S_Ship_a, 6483897, 527559, 6483897, 527560
/Game/Playsets/PID_CP_Vikings_S_Stables_a, 6473345, 236460, 6473345, 236460
/Game/Playsets/PID_CP_WeepingWoods_Gallery_a, 4117120, 152559, 4117120, 152560
/Game/Playsets/PID_CP_WeepingWoods_Gallery_b, 4584771, 187464, 4584771, 187464
/Game/Playsets/PID_CP_WeepingWoods_Gallery_c, 3701852, 868208, 3701852, 868216
/Game/Playsets/PID_CP_WeepingWoods_L_Cabin_a, 25987413, 2223698, 25987413, 2223705
/Game/Playsets/PID_CP_WeepingWoods_L_Center_a, 14007726, 2321236, 14007726, 2321236
/Game/Playsets/PID_CP_WeepingWoods_M_HighWalk_a, 3998162, 1363159, 3998162, 1363172
/Game/Playsets/PID_CP_WeepingWoods_S_Showers_a, 5656053, 433612, 5656053, 433617
/Game/Playsets/PID_CP_WeepingWoods_S_Watchtower_a, 7049148, 831550, 7049148, 831552
/Game/Playsets/PID_CP_WeepingWoods_XL_Hotel_a, 23674775, 5152717, 23674775, 5152748
/Game/Playsets/PID_CP_WildWest_Gallery_Blue_a, 2743557, 789135, 2743557, 789140
/Game/Playsets/PID_CP_WildWest_Gallery_Brown_a, 2743557, 789135, 2743557, 789140
/Game/Playsets/PID_CP_WildWest_Gallery_Common_a, 9879582, 406100, 9879582, 406100
/Game/Playsets/PID_CP_WildWest_Gallery_Red_a, 2743557, 789135, 2743557, 789140
/Game/Playsets/PID_CP_WildWest_Gallery_StripeBlue_a, 1766271, 471793, 1766271, 471796
/Game/Playsets/PID_CP_WildWest_Gallery_StripePink_a, 1766271, 471793, 1766271, 471796
/Game/Playsets/PID_CP_WildWest_Gallery_White_a, 2743557, 789135, 2743557, 789140
/Game/Playsets/PID_CP_WildWest_Gallery_Yellow_a, 2743557, 789135, 2743557, 789140
/Game/Playsets/PID_CP_WildWest_L_Alleyway_a, 11234904, 2166145, 11234904, 2166156
/Game/Playsets/PID_CP_WildWest_M_Saloon_a, 14044755, 1225266, 14044755, 1225268
/Game/Playsets/PID_CP_WildWest_M_Street_a, 16637769, 1299216, 16637769, 1299220
/Game/Playsets/PID_CP_WildWest_M_Street_b, 13692900, 1471647, 13692900, 1471648
/Game/Playsets/PID_CP_WildWest_S_Stable_a, 5617180, 438352, 5617180, 438352
/Game/Playsets/PID_CP_WildWest_S_TownHall_a, 4933182, 647943, 4933182, 647944
/Game/Playsets/PID_CP_WoodHouse_Gallery_a, 3705768, 96975, 3705768, 96976
/Game/Playsets/PID_CP_WoodHouse_Gallery_b, 2834904, 616867, 2834904, 616872
/Game/Playsets/PID_CP_WoodHouse_Gallery_c, 2834904, 616868, 2834904, 616872
/Game/Playsets/PID_CP_WoodHouse_Gallery_d, 74122, 582528, 74122, 582528
/Game/Playsets/PID_CP_WoodHouse_Gallery_e, 74122, 582528, 74122, 582528
/Game/Playsets/PID_CP_WoodHouse_Gallery_f, 2694052, 320512, 2694052, 320512
/Game/Playsets/PID_CP_WoodHouse_M_Shack_a, 18383524, 715822, 18383524, 715824
/Game/Playsets/PID_CP_WoodHouse_M_Stilt_a, 28403642, 1556931, 28403642, 1556952
/Game/Playsets/PID_CP_WoodHouse_S_Shack_a, 10107873, 366310, 10107873, 366312
/Game/Playsets/PID_CP_WoodHouse_S_Shack_b, 11175810, 280015, 11175810, 280016
/Game/Playsets/PID_CP_WoodHouse_S_Stilt_a, 12594020, 545232, 12594020, 545232
/Game/Playsets/PID_CP_WoodHouse_S_Stilt_b, 7397379, 289376, 7397379, 289376
/Game/Playsets/PID_PG_PartnerOnly, 334828, 18966, 334828, 18966
/Game/Playsets/PID_PG_Props_Shoes, 1030614, 20820, 1030614, 20820
/Game/Playsets/PID_PG_WinterVillage_Gallery_c, 4822425, 487447, 4822425, 487448
/Game/Playsets/PID_PG_WinterVillage_Gallery_d, 1490676, 354232, 1490676, 354232
/Game/Playsets/PID_PG_WinterVillage_Gallery_e, 4822425, 249806, 4822425, 249808
/Game/Playsets/PID_Playset_105x105_Arena_01_Island, 158014570, 30745079, 158014570, 30745072
/Game/Playsets/PID_Playset_105x105_Composed_Desert, 6011812, 443398, 6011812, 443400
/Game/Playsets/PID_Playset_105x105_Composed_Desert_02, 7108733, 193710, 7108733, 193712
/Game/Playsets/PID_Playset_105x105_Composed_Escape, 2857191, 263704, 2857191, 263704
/Game/Playsets/PID_Playset_105x105_Composed_FlatGrass, 7157099, 212244, 7157099, 212248
/Game/Playsets/PID_Playset_105x105_Composed_FlatGrassV2, 6912195, 108709, 6912195, 108712
/Game/Playsets/PID_Playset_105x105_Composed_IceLake, 639567, 225504, 639567, 225504
/Game/Playsets/PID_Playset_105x105_Composed_Kevin, 9364601, 160676, 9364601, 160680
/Game/Playsets/PID_Playset_105x105_Composed_Loki, 83351222, 20869116, 83351222, 20869120
/Game/Playsets/PID_Playset_105x105_Composed_Loki_02, 39983791, 12652154, 39983791, 12652222
/Game/Playsets/PID_Playset_105x105_Composed_Loki_03, 45066613, 16082683, 45066613, 16082684
/Game/Playsets/PID_Playset_105x105_Composed_Loki_04, 78660636, 18331560, 78660636, 18331564
/Game/Playsets/PID_Playset_105x105_Composed_Loki_06, 115462112, 50675620, 115462112, 50675626
/Game/Playsets/PID_Playset_105x105_Composed_PowerPlant, 96186049, 19245119, 96186049, 19245177
/Game/Playsets/PID_Playset_105x105_Composed_Sandbar, 2601570, 113952, 2601570, 113952
/Game/Playsets/PID_Playset_105x105_Composed_SandBarV2, 4453967, 76776, 4453967, 76776
/Game/Playsets/PID_Playset_105x105_Composed_Volcano_02, 6938836, 464304, 6938836, 464307
/Game/Playsets/PID_Playset_105x105_Shark_Island, 84919250, 13749737, 84919250, 13749747
/Game/Playsets/PID_Playset_150x150_Composed_Oasis_Giant, 2860476, 38404, 2860476, 38404
/Game/Playsets/PID_Playset_215x215_Composed_Archipelago_XL, 3376573, 283024, 3376573, 283024
/Game/Playsets/PID_Playset_215x215_Composed_Survival_XL, 5304748, 3324636, 5304748, 3324720
/Game/Playsets/PID_Playset_215x215_Composed_Survival_XL_Cave, 5276009, 3239964, 5276009, 3240048
/Game/Playsets/PID_Playset_215x215_Mountain_Island, 6870803, 1578858, 6870803, 1578904
/Game/Playsets/PID_Playset_30x30_Composed_Hub_01, 20928822, 1548543, 20928822, 1548544
/Game/Playsets/PID_Playset_60x60_Composed, 8670618, 945799, 8670618, 945804
/Game/Playsets/PID_Playset_60x60_Composed_Arctic, 7297419, 676968, 7297419, 676988
/Game/Playsets/PID_Playset_60x60_Composed_Arctic_Competitive, 36551274, 26252723, 36551274, 26252748
/Game/Playsets/PID_Playset_60x60_Composed_Hub, 20928822, 1743659, 20928822, 1743664
/Game/Playsets/PID_Playset_60x60_Composed_Hub_FlatGrid, 671510, 147423, 671510, 147424
/Game/Playsets/PID_Playset_60x60_Composed_Hub_FlatGrid_02, 999913, 314863, 999913, 314864
/Game/Playsets/PID_Playset_60x60_Composed_Hub_FlatGrid_03, 883791, 121616, 883791, 121616
/Game/Playsets/PID_Playset_60x60_Composed_Hub_FloatingIsland, 7702521, 226507, 7702521, 226508
/Game/Playsets/PID_Playset_60x60_Composed_Hub_FloatingIsland_02, 8030924, 393947, 8030924, 393948
/Game/Playsets/PID_Playset_60x60_Composed_Hub_FloatingIsland_03, 7914802, 200700, 7914802, 200700
/Game/Playsets/PID_Playset_60x60_Composed_Hub_Lake, 999913, 314863, 999913, 314864
/Game/Playsets/PID_Playset_60x60_Composed_Hub_Lake_02, 883791, 121616, 883791, 121616
/Game/Playsets/PID_Playset_60x60_Composed_Military, 31668472, 17189284, 31668472, 17189296
/Game/Playsets/PID_Playset_60x60_Composed_POI_Greasy, 108496507, 17981224, 108496507, 17981231
/Game/Playsets/PID_Playset_60x60_Composed_POI_Tilted, 118355132, 33223952, 118355132, 33223959
/Game/Playsets/PID_Playset_60x60_Composed_Razor, 110104598, 57762645, 110104598, 57762646
/Game/Playsets/PID_Playset_60x60_Composed_Tropical, 9556536, 343223, 9556536, 343224
/Game/Playsets/PID_Playset_60x60_Composed_Volcano, 10879474, 943824, 10879474, 943824
/Game/Playsets/PID_Playset_Arena_Aftermath, 26827840, 3920229, 26827840, 3920288
